age;job;marital;education;default;housing;loan;contact;month;day_of_week;duration;campaign;pdays;previous;poutcome;emp.var.rate;cons.price.idx;cons.conf.idx;euribor3m;nr.employed;y
50;2;1;1;0;0;1;1;7;4;849;1;22;0;0;1.042021;93.918;42.7;4.961;5228.1;1
39;10;3;4;0;0;0;1;3;1;222;1;12;2;2;01.082021;93.369;34.8;0.639;5008.7;1
38;10;1;6;0;1;0;1;8;1;479;1;22;0;0;1.042021;93.444;36.1;4.965;5228.1;1
24;10;1;7;0;1;1;1;9;4;89;2;3;1;2;03.042021;92.379;29.082021;0.77;5017.5;1
60;1;3;6;0;1;0;1;9;3;481;1;22;1;1;01.012021;94.199;37.5;0.886;4963.6;1
52;1;1;0;0;1;0;2;4;3;403;1;6;1;2;01.082021;93.749;34.6;0.654;5008.7;1
32;2;1;3;0;0;0;1;11;1;1091;2;5;1;2;0.1;93.2;42.0;4.191;5195.8;1
39;10;2;6;2;0;0;2;6;1;432;4;22;0;0;1.042021;94.465;41.8;4.865;5228.1;1
51;8;1;4;2;1;0;2;7;1;596;3;22;0;0;1.042021;93.918;42.7;4.962;5228.1;1
31;10;2;4;0;1;1;1;8;4;768;1;22;0;0;1.042021;93.444;36.1;4.966;5228.1;1
47;8;2;3;0;2;2;2;6;2;835;3;22;0;0;1.042021;94.465;41.8;4.961;5228.1;1
45;1;2;7;0;0;0;1;8;2;505;1;22;0;0;1.042021;93.444;36.1;4.964;5228.1;1
41;3;1;7;0;1;0;1;11;4;854;1;22;0;0;0.1;93.2;42.0;4.153;5195.8;1
75;6;1;1;0;0;0;1;4;4;109;1;22;1;1;01.082021;93.075;47.1;1.405;5099.1;1
38;1;3;7;0;0;0;1;4;1;360;1;22;0;0;01.082021;93.075;47.1;1.392;5099.1;1
58;6;3;4;0;1;0;1;6;4;663;1;22;0;0;02.092021;92.963;40.8;1.262;5076.2;1
53;2;3;1;0;0;0;2;6;3;706;1;22;0;0;1.042021;94.465;41.8;4.959;5228.1;1
28;10;2;6;0;1;0;1;8;2;63;2;3;1;2;02.092021;92.201;31.4;0.851;5076.2;1
82;4;1;1;0;0;0;2;9;4;279;3;3;2;2;01.012021;94.199;37.5;0.877;4963.6;1
31;11;2;7;0;1;0;1;7;4;309;1;6;3;2;01.072021;94.215;40.3;0.835;4991.6;1
45;1;1;4;0;1;0;1;10;5;738;3;6;1;2;01.012021;94.601;49.5;1.029;4963.6;1
27;1;2;0;0;0;0;1;3;4;128;1;3;1;2;01.082021;93.369;34.8;0.637;5008.7;1
52;2;1;3;0;0;0;1;8;5;809;1;22;0;0;1.042021;93.444;36.1;4.966;5228.1;1
50;2;1;2;0;1;0;1;5;1;293;3;3;1;2;01.082021;92.893;46.2;1.354;5099.1;1
50;2;3;4;0;1;1;1;7;1;629;2;22;0;0;1.042021;93.918;42.7;1.041996;5228.1;1
76;6;2;1;0;0;0;1;11;1;347;4;6;1;2;03.042021;92.649;30.012021;0.715;5017.5;1
33;1;2;7;0;1;0;1;8;2;686;4;22;0;0;1.042021;93.444;36.1;4.963;5228.1;1
41;8;1;4;0;0;0;1;3;3;377;6;22;0;0;01.082021;92.843;50.0;1.778;5099.1;1
32;10;1;6;0;1;0;1;7;2;255;1;22;0;0;1.042021;93.918;42.7;4.963;5228.1;1
54;1;1;6;0;0;0;1;11;4;1868;2;10;1;2;01.012021;94.767;50.8;1.035;4963.6;1
58;2;1;3;0;1;0;1;8;1;846;1;22;0;0;1.042021;93.444;36.1;1.041997;5228.1;1
59;10;1;6;0;0;0;1;6;2;1207;4;22;1;1;01.072021;94.055;39.8;0.742;4991.6;1
26;10;2;7;0;1;0;1;7;5;806;3;6;2;2;01.072021;94.215;40.3;0.861;4991.6;1
57;6;1;3;0;0;0;1;8;4;388;4;22;0;0;1.042021;93.444;36.1;4.965;5228.1;1
36;2;1;3;2;0;0;1;5;3;951;3;22;1;1;01.082021;92.893;46.2;1.281;5099.1;1
29;1;2;7;0;1;0;1;3;1;215;1;22;0;0;01.082021;93.369;34.8;0.639;5008.7;1
81;6;1;1;0;0;0;1;5;1;617;2;22;0;0;01.082021;92.893;46.2;1.354;5099.1;1
34;1;1;4;0;1;0;1;6;3;238;1;6;2;2;01.072021;94.055;39.8;0.704;4991.6;1
48;10;1;6;0;1;0;1;8;5;336;8;22;0;0;1.042021;93.444;36.1;4.964;5228.1;1
30;11;1;4;0;0;0;1;5;1;417;1;3;1;2;01.082021;92.893;46.2;1.354;5099.1;1
45;2;1;4;0;1;1;1;11;1;449;2;5;3;2;01.012021;94.767;50.8;4.122021;4963.6;1
61;2;1;2;0;1;1;1;5;5;403;1;3;2;2;01.082021;93.876;40.0;0.695;5008.7;1
67;4;3;6;0;1;0;1;11;1;655;2;5;5;2;01.012021;94.767;50.8;1.039;4963.6;1
73;6;1;7;0;1;0;1;3;5;179;1;22;0;0;01.082021;92.843;50.0;1.531;5099.1;1
44;7;2;6;0;1;0;1;5;1;775;5;22;1;1;01.082021;92.893;46.2;1.354;5099.1;1
30;2;1;3;0;0;0;1;7;3;988;1;22;0;0;1.042021;93.918;42.7;4.963;5228.1;1
18;9;2;0;0;0;0;1;9;2;385;1;3;1;2;03.042021;92.379;29.082021;0.809;5017.5;1
29;10;1;6;0;0;0;2;5;5;886;3;22;0;0;1.012021;93.994;36.4;4.864;5191.0;1
31;10;2;7;0;0;0;2;10;2;154;1;22;0;0;0.1;93.798;40.4;4.794;5195.8;1
44;3;1;1;0;1;0;1;5;4;955;2;22;0;0;01.082021;92.893;46.2;1.344;5099.1;1
51;2;1;4;0;1;0;1;5;3;809;1;22;1;1;01.082021;92.893;46.2;1.281;5099.1;1
38;5;1;7;0;1;0;1;5;5;1276;1;22;0;0;01.082021;92.893;46.2;1.313;5099.1;1
59;0;1;0;2;0;0;2;6;2;701;1;22;0;0;1.042021;94.465;41.8;4.866;5228.1;1
60;6;1;0;0;1;0;1;8;1;600;2;22;0;0;1.042021;93.444;36.1;4.965;5228.1;1
33;1;1;7;0;1;0;1;6;4;690;1;22;0;0;02.092021;92.963;40.8;1.262;5076.2;1
23;9;2;4;0;1;0;1;10;1;226;2;22;1;1;01.012021;94.601;49.5;1.032;4963.6;1
38;11;1;1;2;0;0;1;7;4;1058;1;22;0;0;1.042021;93.918;42.7;4.961;5228.1;1
33;10;1;6;0;0;0;1;4;2;285;1;22;0;0;01.082021;93.075;47.1;1.011941;5099.1;1
37;5;1;7;0;1;0;1;7;5;292;1;6;1;2;01.072021;94.215;40.3;0.896;4991.6;1
31;10;1;3;0;0;1;1;7;2;1319;5;22;0;0;1.042021;93.918;42.7;4.958;5228.1;1
36;10;2;6;0;0;0;1;6;5;146;2;22;0;0;02.092021;92.963;40.8;1.268;5076.2;1
77;5;1;0;0;1;0;1;8;5;160;1;3;6;2;01.072021;94.027;38.3;0.905;4991.6;1
35;9;2;7;2;0;0;2;6;2;618;1;22;0;0;1.042021;94.465;41.8;4.961;5228.1;1
40;10;2;7;0;0;0;1;11;1;130;1;7;2;1;03.042021;92.649;30.012021;0.714;5017.5;1
35;8;1;6;0;1;0;1;4;2;218;2;6;1;2;01.082021;93.749;34.6;0.644;5008.7;1
54;1;1;7;0;1;1;1;8;5;204;1;22;1;1;02.092021;92.201;31.4;0.849;5076.2;1
27;8;2;4;2;0;0;1;7;4;509;4;22;0;0;1.042021;93.918;42.7;4.962;5228.1;1
42;1;1;4;0;0;0;1;11;1;651;2;22;1;1;0.1;93.2;42.0;4.191;5195.8;1
49;2;1;3;2;0;0;2;6;2;1149;2;22;0;0;1.042021;94.465;41.8;4.866;5228.1;1
31;9;2;7;0;0;0;1;7;5;608;3;6;2;2;01.072021;94.215;40.3;0.885;4991.6;1
25;9;2;4;0;0;0;1;11;2;244;1;22;0;0;01.012021;94.767;50.8;1.041;4963.6;1
34;10;1;7;0;1;0;1;11;3;686;1;22;0;0;0.1;93.2;42.0;4.122021;5195.8;1
34;10;2;7;0;1;1;1;8;3;455;3;22;0;0;1.042021;93.444;36.1;4.967;5228.1;1
58;11;1;7;0;1;0;1;11;2;344;2;22;0;0;01.012021;94.767;50.8;1.041;4963.6;1
30;10;2;4;0;0;0;1;8;1;638;4;22;0;0;1.042021;93.444;36.1;4.963;5228.1;1
57;6;1;1;0;1;1;2;4;4;1348;4;22;0;0;01.082021;93.075;47.1;1.405;5099.1;1
41;3;1;7;0;1;0;1;8;2;324;1;22;0;0;01.072021;94.027;38.3;0.904;4991.6;1
86;6;1;0;2;1;1;1;9;4;211;1;7;4;2;01.012021;94.199;37.5;0.877;4963.6;1
41;10;1;6;0;1;0;1;11;1;545;2;22;0;0;01.012021;94.767;50.8;1.039;4963.6;1
42;8;1;7;0;0;0;1;12;3;179;1;6;1;2;3.0;92.713;33.0;0.715;5023.5;1
31;2;2;3;0;0;0;2;6;3;767;2;22;0;0;1.042021;94.465;41.8;4.864;5228.1;1
31;1;1;4;0;0;0;1;10;2;142;1;22;0;0;03.042021;92.431;26.092021;0.722;5017.5;1
33;1;1;7;0;1;0;1;11;5;482;1;12;1;2;01.012021;94.767;50.8;1.049;4963.6;1
45;4;2;1;0;0;0;2;9;1;569;4;22;0;0;03.042021;92.379;29.082021;0.797;5017.5;1
41;10;1;4;0;0;0;1;8;1;697;2;22;0;0;1.042021;93.444;36.1;4.963;5228.1;1
75;6;1;7;0;1;0;1;7;2;229;1;22;2;1;01.072021;94.215;40.3;0.81;4991.6;1
47;1;2;7;0;1;0;1;6;1;243;4;22;0;0;02.092021;92.963;40.8;1.281;5076.2;1
27;10;2;7;0;1;0;1;10;3;184;1;22;1;1;01.012021;94.601;49.5;1.043;4963.6;1
30;8;2;4;0;1;0;1;6;1;181;2;22;0;0;02.092021;92.963;40.8;1.012026;5076.2;1
41;1;1;7;0;0;0;1;7;1;1360;3;22;0;0;1.042021;93.918;42.7;1.041996;5228.1;1
39;2;2;3;0;0;0;2;5;4;650;3;22;0;0;1.012021;93.994;36.4;4.856;5191.0;1
48;1;3;7;0;0;0;1;8;2;544;1;22;0;0;01.072021;94.027;38.3;0.904;4991.6;1
21;9;2;4;0;1;1;1;6;3;286;2;22;0;0;01.072021;94.055;39.8;0.767;4991.6;1
64;0;1;0;0;1;0;2;8;5;239;4;22;0;0;01.072021;94.027;38.3;0.905;4991.6;1
56;5;1;3;0;1;0;2;6;4;941;3;22;0;0;1.042021;94.465;41.8;4.864;5228.1;1
38;1;1;7;0;1;0;1;11;4;64;1;3;3;2;03.042021;92.649;30.012021;0.715;5017.5;1
24;1;2;4;0;1;1;1;3;3;224;1;22;0;0;01.082021;92.843;50.0;1.602;5099.1;1
30;10;2;7;0;1;0;1;9;5;173;2;15;4;1;01.012021;94.199;37.5;0.879;4963.6;1
51;2;1;3;0;0;1;2;5;5;653;1;22;0;0;1.012021;93.994;36.4;4.855;5191.0;1
54;5;1;7;0;0;0;1;5;1;397;1;22;1;1;01.082021;92.893;46.2;1.264;5099.1;1
26;9;2;3;0;1;0;1;3;1;1447;2;22;0;0;01.082021;92.843;50.0;1.811;5099.1;1
33;2;1;2;2;1;1;2;5;5;1132;2;22;0;0;1.012021;93.994;36.4;4.855;5191.0;1
51;11;1;2;0;0;0;1;6;2;280;2;22;1;1;02.092021;92.963;40.8;1.012026;5076.2;1
33;10;2;6;0;1;0;1;8;4;396;2;22;0;0;1.042021;93.444;36.1;4.966;5228.1;1
25;2;2;4;0;0;0;1;5;5;1068;3;22;0;0;01.082021;92.893;46.2;1.012025;5099.1;1
38;5;1;3;2;0;0;2;5;5;772;1;22;0;0;1.012021;93.994;36.4;4.855;5191.0;1
54;1;2;7;0;0;0;1;5;1;337;1;22;0;0;01.082021;92.893;46.2;1.264;5099.1;1
36;1;2;3;0;1;0;1;5;4;458;1;22;0;0;01.082021;92.893;46.2;1.291;5099.1;1
50;1;1;7;0;0;0;1;8;4;587;2;22;1;1;02.092021;92.201;31.4;0.859;5076.2;1
48;1;1;7;0;1;1;1;8;3;288;1;0;3;2;01.072021;94.027;38.3;0.9;4991.6;1
33;1;1;7;0;1;0;1;9;2;272;2;22;0;0;01.012021;94.199;37.5;0.878;4963.6;1
41;8;1;4;2;1;0;2;5;1;679;2;22;0;0;1.012021;93.994;36.4;4.857;5191.0;1
39;7;3;4;0;0;0;1;9;4;261;1;3;1;2;03.042021;92.379;29.082021;0.788;5017.5;1
52;5;1;4;0;1;1;1;8;4;167;1;10;4;1;02.092021;92.201;31.4;0.883;5076.2;1
49;2;3;2;2;0;0;1;7;1;1065;3;22;0;0;1.042021;93.918;42.7;4.962;5228.1;1
50;10;1;4;0;1;0;1;12;1;229;1;22;1;1;3.0;92.713;33.0;0.717;5023.5;1
58;0;1;3;0;1;0;1;12;2;154;1;22;1;1;3.0;92.713;33.0;0.72;5023.5;1
35;1;1;7;0;0;0;1;6;2;121;4;22;0;0;02.092021;92.963;40.8;1.012026;5076.2;1
29;1;2;7;0;0;0;1;8;1;716;2;22;0;0;1.042021;93.444;36.1;4.965;5228.1;1
29;2;3;4;0;0;0;1;5;5;760;1;22;0;0;01.082021;92.893;46.2;1.012025;5099.1;1
36;2;2;3;0;1;1;2;6;2;762;3;22;0;0;1.042021;94.465;41.8;4.955;5228.1;1
59;11;1;1;2;1;0;1;7;2;458;9;22;0;0;1.042021;93.918;42.7;4.962;5228.1;1
53;10;1;7;0;2;2;1;4;2;758;2;22;2;1;01.082021;93.749;34.6;0.64;5008.7;1
59;1;3;4;2;0;1;1;7;1;630;3;22;0;0;1.042021;93.918;42.7;4.962;5228.1;1
28;5;2;7;0;0;0;2;6;2;651;5;22;0;0;1.042021;94.465;41.8;4.958;5228.1;1
30;1;2;7;0;0;0;1;11;5;331;2;22;0;0;0.1;93.2;42.0;4.021;5195.8;1
37;1;2;4;0;0;0;1;7;2;609;2;7;3;2;01.072021;94.215;40.3;0.782;4991.6;1
55;6;3;1;2;0;0;1;5;3;526;4;22;1;1;01.082021;92.893;46.2;1.281;5099.1;1
36;5;1;7;0;2;2;1;9;3;331;1;6;4;1;01.012021;94.199;37.5;0.876;4963.6;1
71;6;1;4;0;0;0;1;9;1;363;1;22;0;0;01.012021;94.199;37.5;0.879;4963.6;1
58;1;2;7;0;0;0;2;5;1;1234;3;22;0;0;1.012021;93.994;36.4;4.857;5191.0;1
32;11;1;6;0;1;0;2;11;4;486;1;22;0;0;0.1;93.2;42.0;4.343;5195.8;1
27;1;2;7;0;0;0;1;3;4;238;4;22;0;0;01.082021;93.369;34.8;0.635;5008.7;1
39;10;1;4;0;0;0;1;11;5;749;2;22;0;0;0.1;93.2;42.0;4.021;5195.8;1
31;1;2;7;0;1;0;1;7;3;1327;2;22;0;0;1.042021;93.918;42.7;4.963;5228.1;1
47;1;3;7;0;1;0;2;6;5;2653;3;22;0;0;1.042021;94.465;41.8;4.967;5228.1;1
32;1;2;4;0;0;0;1;4;2;1143;1;22;0;0;01.082021;93.075;47.1;1.365;5099.1;1
36;1;1;7;0;1;0;1;7;3;570;2;22;0;0;1.042021;93.918;42.7;4.962;5228.1;1
42;1;2;7;0;1;1;2;5;3;938;1;22;0;0;1.012021;93.994;36.4;4.858;5191.0;1
51;11;1;6;2;1;1;1;7;2;901;1;22;0;0;1.042021;93.918;42.7;4.963;5228.1;1
68;6;1;7;0;1;0;1;7;1;546;2;22;1;1;01.072021;94.215;40.3;0.889;4991.6;1
33;2;1;3;0;0;0;1;5;5;728;1;22;0;0;01.082021;92.893;46.2;1.313;5099.1;1
31;10;1;7;0;0;0;1;9;2;244;1;3;1;2;01.012021;94.199;37.5;0.878;4963.6;1
38;10;1;7;0;0;0;1;6;3;539;1;22;0;0;02.092021;92.963;40.8;1.012026;5076.2;1
64;4;1;0;0;1;0;2;5;3;671;3;22;0;0;01.082021;93.876;40.0;0.697;5008.7;1
51;2;1;1;2;0;1;2;6;4;781;1;22;0;0;1.042021;94.465;41.8;4.961;5228.1;1
45;2;1;1;0;1;0;1;7;2;367;2;22;0;0;1.042021;93.918;42.7;4.962;5228.1;1
54;11;1;3;0;0;0;1;5;3;193;1;3;1;2;01.082021;92.893;46.2;1.012027;5099.1;1
54;6;1;1;0;0;1;1;10;2;164;2;22;0;0;03.042021;92.431;26.092021;0.722;5017.5;1
78;6;1;1;0;0;0;1;7;1;1148;1;22;0;0;01.072021;94.215;40.3;0.87;4991.6;1
27;8;2;4;0;0;0;1;7;5;423;3;22;0;0;01.072021;94.215;40.3;0.79;4991.6;1
38;2;2;7;2;0;0;2;5;5;894;1;22;0;0;1.012021;93.994;36.4;4.859;5191.0;1
32;8;1;1;2;0;0;1;7;1;891;4;22;0;0;1.042021;93.918;42.7;1.041996;5228.1;1
35;1;1;4;2;0;0;1;5;5;585;1;22;0;0;01.082021;92.893;46.2;1.012025;5099.1;1
26;10;2;6;0;1;0;1;9;5;249;1;3;3;2;01.012021;94.199;37.5;0.879;4963.6;1
80;6;1;1;0;0;0;1;5;1;382;1;3;3;2;01.082021;93.876;40.0;0.697;5008.7;1
32;1;2;7;0;1;0;1;5;3;412;1;22;0;0;01.082021;92.893;46.2;1.012027;5099.1;1
33;2;1;2;0;0;0;2;5;3;1183;1;22;0;0;1.012021;93.994;36.4;4.857;5191.0;1
44;8;3;4;0;0;0;1;5;1;903;4;22;0;0;01.082021;92.893;46.2;1.244;5099.1;1
39;1;3;7;0;0;1;1;7;1;375;3;22;0;0;01.072021;94.215;40.3;0.827;4991.6;1
44;1;3;4;0;1;0;2;11;1;1628;2;6;1;2;03.042021;92.649;30.012021;0.719;5017.5;1
54;6;1;1;0;1;0;1;4;5;840;3;22;0;0;01.082021;93.075;47.1;1.405;5099.1;1
29;2;2;3;0;0;1;1;10;3;107;2;22;0;0;03.042021;92.431;26.092021;0.735;5017.5;1
31;9;2;0;0;1;0;1;8;1;868;3;18;3;1;01.072021;94.027;38.3;0.898;4991.6;1
29;1;1;7;0;0;1;1;6;4;347;3;5;1;2;01.072021;94.055;39.8;0.702;4991.6;1
33;2;1;2;0;1;0;1;4;3;351;3;22;0;0;01.082021;93.075;47.1;1.498;5099.1;1
36;1;0;7;0;1;0;1;8;3;529;1;22;0;0;1.042021;93.444;36.1;4.965;5228.1;1
44;8;3;4;0;1;0;1;5;2;533;1;22;0;0;01.082021;92.893;46.2;1.266;5099.1;1
27;1;2;7;0;1;0;1;8;3;429;2;22;0;0;02.092021;92.201;31.4;0.879;5076.2;1
41;1;1;7;0;0;0;1;8;4;766;2;22;0;0;1.042021;93.444;36.1;4.968;5228.1;1
29;8;2;4;0;1;1;1;6;3;431;2;22;2;1;02.092021;92.963;40.8;1.012026;5076.2;1
37;10;2;7;0;1;0;1;8;4;481;2;22;4;1;01.072021;94.027;38.3;0.899;4991.6;1
55;1;1;4;0;0;1;1;4;3;307;1;22;1;1;01.082021;93.075;47.1;1.405;5099.1;1
50;2;1;1;0;0;0;1;7;1;1130;3;22;0;0;1.042021;93.918;42.7;4.962;5228.1;1
48;5;1;7;0;1;1;1;11;4;747;2;22;0;0;03.042021;92.649;30.012021;0.715;5017.5;1
33;2;2;4;0;0;0;1;5;1;2301;1;22;0;0;01.082021;92.893;46.2;1.244;5099.1;1
43;10;1;6;0;0;0;1;5;2;460;1;22;1;1;01.082021;93.876;40.0;0.699;5008.7;1
30;1;1;7;0;1;0;1;4;4;496;1;22;0;0;01.082021;93.075;47.1;1.423;5099.1;1
34;1;2;7;0;1;0;1;3;4;568;1;6;3;2;01.082021;93.369;34.8;0.652;5008.7;1
47;2;1;0;2;0;0;2;5;4;1334;1;22;0;0;1.012021;93.994;36.4;4.856;5191.0;1
42;10;1;6;0;0;0;1;8;2;295;1;6;2;2;01.072021;94.027;38.3;0.899;4991.6;1
41;3;1;7;0;1;0;2;5;3;1138;1;22;0;0;1.012021;93.994;36.4;4.856;5191.0;1
33;2;1;3;0;1;0;1;7;3;1019;11;22;0;0;1.042021;93.918;42.7;4.957;5228.1;1
51;1;1;7;0;1;0;1;8;2;212;1;22;0;0;02.092021;92.201;31.4;0.829;5076.2;1
36;5;3;7;0;1;0;1;6;1;422;1;3;4;2;01.072021;94.055;39.8;0.72;4991.6;1
86;6;1;0;2;1;0;1;9;4;340;1;22;0;0;01.012021;94.199;37.5;0.877;4963.6;1
37;10;2;7;0;1;0;1;6;5;300;1;22;2;1;01.072021;94.055;39.8;0.748;4991.6;1
30;7;1;7;0;0;0;1;6;1;212;4;22;0;0;01.072021;94.055;39.8;0.72;4991.6;1
31;7;2;7;0;0;0;1;12;3;854;1;22;0;0;3.0;92.713;33.0;0.715;5023.5;1
28;11;2;3;0;0;1;1;8;4;261;1;22;1;1;01.072021;94.027;38.3;0.899;4991.6;1
42;10;1;4;0;1;0;1;4;2;163;1;22;0;0;01.082021;93.075;47.1;1.406;5099.1;1
37;10;1;7;0;1;0;1;10;3;364;1;22;1;1;03.042021;92.431;26.092021;0.742;5017.5;1
32;10;2;7;2;0;0;2;5;3;857;1;22;0;0;1.012021;93.994;36.4;4.858;5191.0;1
36;7;2;7;0;0;1;1;6;1;458;1;4;4;2;01.072021;94.055;39.8;0.72;4991.6;1
32;11;2;6;0;1;1;1;6;3;310;1;22;0;0;01.072021;94.055;39.8;0.704;4991.6;1
76;6;1;6;2;1;0;1;6;4;352;1;3;1;2;01.072021;94.055;39.8;0.761;4991.6;1
56;10;3;7;0;0;0;1;11;5;178;2;3;1;2;03.042021;92.649;30.012021;0.716;5017.5;1
31;9;2;0;0;0;0;1;5;2;243;2;22;1;1;01.082021;93.876;40.0;0.677;5008.7;1
41;1;1;7;0;1;0;1;11;4;95;1;3;1;2;03.042021;92.649;30.012021;0.715;5017.5;1
35;1;1;7;0;1;0;1;4;2;330;1;10;1;2;01.082021;93.749;34.6;0.644;5008.7;1
40;11;2;1;0;0;0;1;6;4;355;1;22;0;0;02.092021;92.963;40.8;1.252;5076.2;1
29;1;2;7;0;0;0;1;7;3;873;2;22;0;0;1.042021;93.918;42.7;4.957;5228.1;1
39;1;1;2;2;0;0;1;7;3;1176;1;22;0;0;1.042021;93.918;42.7;4.963;5228.1;1
39;11;2;7;0;1;0;1;12;1;387;1;6;2;2;3.0;92.713;33.0;0.706;5023.5;1
30;1;2;7;0;1;0;1;6;3;617;2;22;0;0;02.092021;92.963;40.8;1.012026;5076.2;1
39;2;1;2;0;1;0;1;5;2;476;1;22;0;0;01.082021;92.893;46.2;1.327;5099.1;1
26;1;1;4;0;1;0;1;11;5;338;1;7;1;2;03.042021;92.649;30.012021;0.714;5017.5;1
32;1;1;4;0;1;0;1;5;1;689;1;22;0;0;01.082021;92.893;46.2;1.299;5099.1;1
31;2;1;6;0;1;0;1;7;3;458;2;22;0;0;1.042021;93.918;42.7;4.963;5228.1;1
46;10;3;7;0;1;0;1;11;5;796;5;22;1;1;0.1;93.2;42.0;4.021;5195.8;1
31;10;3;6;0;1;0;1;7;3;662;1;22;0;0;1.042021;93.918;42.7;4.962;5228.1;1
31;1;1;6;0;0;1;1;12;1;367;2;22;1;1;3.0;92.713;33.0;0.709;5023.5;1
52;6;1;1;0;0;0;2;6;3;633;1;22;0;0;1.042021;94.465;41.8;4.864;5228.1;1
36;2;2;2;0;0;0;1;11;4;238;1;22;0;0;01.012021;94.767;50.8;1.046;4963.6;1
57;1;3;4;0;0;0;1;9;4;473;1;3;5;2;01.012021;94.199;37.5;0.877;4963.6;1
32;8;2;0;0;0;1;1;7;2;415;2;22;0;0;01.072021;94.215;40.3;0.846;4991.6;1
58;6;1;1;2;0;0;2;5;4;1045;1;22;0;0;1.012021;93.994;36.4;4.856;5191.0;1
28;10;2;7;0;1;0;1;5;4;326;1;22;0;0;01.082021;92.893;46.2;1.266;5099.1;1
37;1;2;7;0;1;0;1;4;2;261;1;22;0;0;01.082021;93.075;47.1;1.365;5099.1;1
47;1;1;4;0;1;0;1;8;1;1152;3;22;0;0;1.042021;93.444;36.1;4.965;5228.1;1
51;1;1;7;0;1;0;1;7;5;139;5;22;0;0;02.092021;92.469;33.6;0.921;5076.2;1
48;5;1;3;0;1;0;1;5;4;725;1;22;0;0;01.082021;92.893;46.2;1.291;5099.1;1
30;1;2;7;0;1;0;1;7;2;873;8;22;0;0;1.042021;93.918;42.7;4.962;5228.1;1
50;1;1;7;0;1;0;1;11;1;183;1;3;1;2;03.042021;92.649;30.012021;0.714;5017.5;1
57;6;1;6;0;1;0;1;6;1;166;2;22;0;0;02.092021;92.963;40.8;1.266;5076.2;1
44;1;1;7;0;1;0;1;8;2;254;2;22;0;0;02.092021;92.201;31.4;0.883;5076.2;1
31;11;2;7;0;1;0;1;3;4;180;1;10;1;2;01.082021;93.369;34.8;0.646;5008.7;1
39;2;1;3;2;0;0;2;5;4;504;4;22;0;0;1.012021;93.994;36.4;4.856;5191.0;1
33;1;2;7;0;0;0;1;6;3;206;1;3;1;2;01.072021;94.055;39.8;0.715;4991.6;1
30;10;2;7;0;1;0;1;6;5;166;2;22;0;0;02.092021;92.963;40.8;1.268;5076.2;1
39;10;1;6;0;0;0;2;10;2;171;1;22;0;0;0.1;93.798;40.4;4.921;5195.8;1
36;1;2;4;0;1;0;1;8;5;159;1;3;2;2;02.092021;92.201;31.4;0.849;5076.2;1
21;9;2;4;0;0;0;1;10;4;362;1;22;0;0;01.012021;94.601;49.5;0.982;4963.6;1
31;1;1;4;0;0;0;2;6;2;952;4;22;0;0;1.042021;94.465;41.8;4.961;5228.1;1
43;10;1;7;2;2;2;1;5;4;426;1;22;1;1;01.082021;92.893;46.2;1.291;5099.1;1
55;1;3;4;0;1;0;1;8;4;244;2;6;3;2;01.072021;94.027;38.3;0.904;4991.6;1
38;4;3;7;0;0;0;1;11;3;403;2;22;0;0;01.012021;94.767;50.8;4.122021;4963.6;1
48;2;1;3;0;1;0;1;5;4;268;1;3;3;2;01.082021;93.876;40.0;0.668;5008.7;1
53;8;1;0;0;1;0;1;6;4;501;3;22;0;0;02.092021;92.963;40.8;1.262;5076.2;1
31;10;1;6;0;0;0;1;7;2;3643;1;22;0;0;1.042021;93.918;42.7;4.963;5228.1;1
27;1;2;4;2;0;0;1;7;1;1105;2;22;0;0;1.042021;93.918;42.7;1.041996;5228.1;1
34;5;1;4;0;1;0;1;7;4;838;3;22;0;0;1.042021;93.918;42.7;4.961;5228.1;1
31;2;3;4;0;1;0;1;5;3;829;1;22;1;1;01.082021;92.893;46.2;1.281;5099.1;1
27;8;2;7;0;1;0;1;3;1;104;1;6;1;2;01.082021;93.369;34.8;0.652;5008.7;1
28;5;1;7;0;0;0;2;6;3;771;2;22;0;0;1.042021;94.465;41.8;4.962;5228.1;1
47;4;1;7;0;1;0;1;8;1;232;2;22;0;0;02.092021;92.201;31.4;0.843;5076.2;1
33;5;2;7;0;1;1;1;4;3;1176;1;22;0;0;01.082021;93.075;47.1;1.498;5099.1;1
31;10;2;7;0;1;0;1;11;1;984;1;22;0;0;0.1;93.2;42.0;4.191;5195.8;1
38;2;1;3;0;0;0;2;6;5;693;3;22;0;0;1.042021;94.465;41.8;4.959;5228.1;1
30;9;2;4;0;0;0;1;8;4;592;3;22;1;1;01.072021;94.027;38.3;0.899;4991.6;1
32;8;1;4;0;1;0;2;5;3;628;2;22;0;0;01.082021;92.893;46.2;1.012027;5099.1;1
35;10;2;6;0;1;0;1;11;2;192;2;22;1;1;03.042021;92.649;30.012021;0.714;5017.5;1
41;1;2;0;0;1;1;2;5;1;1111;3;22;0;0;1.012021;93.994;36.4;4.857;5191.0;1
22;2;2;3;0;1;1;1;7;1;848;1;22;0;0;1.042021;93.918;42.7;1.041996;5228.1;1
52;10;1;6;0;1;1;1;9;1;211;1;22;1;1;03.042021;92.379;29.082021;0.797;5017.5;1
29;1;2;7;0;1;1;1;8;2;254;3;3;1;2;02.092021;92.201;31.4;0.873;5076.2;1
50;10;1;6;0;1;0;2;5;5;855;2;22;0;0;1.012021;93.994;36.4;4.864;5191.0;1
29;1;1;7;0;1;0;1;5;1;565;1;22;0;0;01.082021;92.893;46.2;1.244;5099.1;1
38;1;2;7;2;1;0;2;6;4;992;1;22;0;0;1.042021;94.465;41.8;4.864;5228.1;1
26;1;2;4;0;0;0;2;5;5;619;2;22;0;0;1.012021;93.994;36.4;4.859;5191.0;1
34;1;2;7;0;0;0;1;9;5;260;3;3;2;2;03.042021;92.379;29.082021;0.773;5017.5;1
41;10;1;6;0;2;2;1;6;4;318;1;4;3;2;02.092021;92.963;40.8;1.262;5076.2;1
32;2;1;2;2;1;0;1;5;3;459;1;22;0;0;01.082021;92.893;46.2;1.281;5099.1;1
57;7;1;7;0;0;1;1;7;2;1441;2;22;0;0;1.042021;93.918;42.7;4.962;5228.1;1
58;2;1;1;2;1;0;2;6;5;570;2;22;0;0;1.042021;94.465;41.8;4.959;5228.1;1
38;10;1;6;0;1;1;1;3;2;63;2;22;0;0;01.082021;92.843;50.0;1.757;5099.1;1
55;3;2;0;2;0;0;2;7;3;542;1;22;0;0;1.042021;93.918;42.7;4.963;5228.1;1
33;1;2;7;0;1;0;2;10;2;166;3;6;2;2;03.042021;92.431;26.092021;0.74;5017.5;1
39;8;1;4;0;1;0;1;5;2;328;2;6;3;2;01.082021;93.876;40.0;0.683;5008.7;1
59;1;1;7;0;0;0;2;10;4;85;1;22;0;0;0.1;93.798;40.4;4.968;5195.8;1
53;3;1;1;0;1;1;1;4;4;398;2;22;0;0;01.082021;93.749;34.6;0.644;5008.7;1
48;5;1;7;0;1;0;1;10;3;294;1;22;1;1;03.042021;92.431;26.092021;0.74;5017.5;1
62;1;1;4;0;0;0;2;3;1;163;2;22;0;0;01.082021;92.843;50.0;1.011952;5099.1;1
24;8;2;4;0;0;0;1;7;2;1150;3;22;0;0;1.042021;93.918;42.7;4.958;5228.1;1
50;10;2;7;0;1;0;2;4;5;634;1;22;0;0;01.082021;93.749;34.6;0.644;5008.7;1
46;1;3;4;0;1;0;1;6;1;372;1;22;0;0;02.092021;92.963;40.8;1.012026;5076.2;1
42;10;1;6;0;0;0;1;5;1;377;1;22;0;0;01.082021;92.893;46.2;1.264;5099.1;1
41;1;1;2;0;0;0;1;4;5;1203;2;22;1;1;01.082021;93.075;47.1;1.479;5099.1;1
56;6;1;4;0;1;1;1;7;5;308;2;22;0;0;02.092021;92.469;33.6;1.059;5076.2;1
32;1;2;7;0;0;0;1;8;3;823;1;22;0;0;1.042021;93.444;36.1;4.965;5228.1;1
57;1;1;0;0;1;0;1;12;3;391;2;22;0;0;3.0;92.713;33.0;0.706;5023.5;1
61;1;1;7;2;1;0;1;6;3;1076;2;22;0;0;02.092021;92.963;40.8;1.012026;5076.2;1
33;1;1;7;0;1;0;1;5;4;165;1;22;1;1;01.082021;92.893;46.2;1.266;5099.1;1
33;8;2;7;0;1;0;1;10;1;252;2;3;2;2;01.012021;94.601;49.5;0.977;4963.6;1
34;1;2;7;0;0;0;1;11;2;169;1;7;2;2;03.042021;92.649;30.012021;0.714;5017.5;1
41;8;1;4;0;1;0;1;5;3;314;2;22;0;0;01.082021;92.893;46.2;1.281;5099.1;1
21;9;2;4;0;0;0;1;10;1;328;1;22;0;0;03.042021;92.431;26.092021;0.739;5017.5;1
38;2;2;4;0;0;0;1;3;3;141;1;22;1;1;01.082021;93.369;34.8;0.655;5008.7;1
44;8;1;0;0;0;1;1;6;1;151;1;22;0;0;02.092021;92.963;40.8;1.012026;5076.2;1
50;1;1;7;0;1;0;1;4;5;160;1;22;0;0;01.082021;93.075;47.1;4.122021;5099.1;1
50;8;1;1;2;1;0;2;5;3;507;1;22;0;0;1.012021;93.994;36.4;4.857;5191.0;1
47;1;1;7;0;0;0;1;8;3;470;1;4;2;2;01.072021;94.027;38.3;0.9;4991.6;1
62;5;3;4;0;0;0;1;8;1;405;1;22;0;0;02.092021;92.201;31.4;0.861;5076.2;1
28;1;3;7;0;1;0;1;5;2;1148;1;22;0;0;01.082021;92.893;46.2;1.327;5099.1;1
39;10;2;7;2;0;1;1;10;5;125;1;22;0;0;03.042021;92.431;26.092021;0.72;5017.5;1
60;1;1;6;0;1;0;1;4;2;571;1;22;0;0;01.082021;93.075;47.1;1.365;5099.1;1
28;1;1;4;0;1;0;1;11;4;254;5;22;0;0;03.042021;92.649;30.012021;0.715;5017.5;1
45;8;2;0;0;0;0;2;4;5;541;1;22;0;0;01.082021;93.075;47.1;1.405;5099.1;1
39;10;2;6;0;0;0;1;7;1;617;2;22;0;0;1.042021;93.918;42.7;1.041996;5228.1;1
59;2;1;1;2;0;0;1;6;3;340;1;22;1;1;02.092021;92.963;40.8;1.012026;5076.2;1
32;10;2;7;0;1;0;1;8;4;645;4;22;0;0;1.042021;93.444;36.1;4.966;5228.1;1
31;2;1;3;0;1;0;2;6;3;704;4;22;0;0;1.042021;94.465;41.8;4.962;5228.1;1
54;6;1;6;2;0;0;1;8;4;95;2;22;0;0;02.092021;92.201;31.4;0.838;5076.2;1
49;10;1;0;0;0;0;1;4;5;378;1;22;0;0;01.082021;93.075;47.1;1.405;5099.1;1
28;8;3;4;2;0;1;1;7;5;278;2;22;0;0;1.042021;93.918;42.7;4.957;5228.1;1
23;2;2;3;0;0;0;1;7;2;250;4;22;1;1;01.072021;94.215;40.3;0.846;4991.6;1
66;6;1;1;0;1;1;2;11;2;1127;1;22;0;0;03.042021;92.649;30.012021;0.714;5017.5;1
48;1;3;7;0;0;0;1;5;4;1062;3;22;0;0;01.082021;92.893;46.2;1.291;5099.1;1
37;5;1;4;0;0;0;1;5;5;292;3;22;0;0;01.082021;93.876;40.0;0.682;5008.7;1
46;8;1;3;0;0;0;1;5;3;984;1;22;1;1;01.082021;92.893;46.2;1.334;5099.1;1
59;6;1;6;0;0;0;1;8;5;218;3;3;1;2;01.072021;94.027;38.3;0.905;4991.6;1
30;3;2;7;0;1;0;1;11;2;531;1;22;1;1;0.1;93.2;42.0;4.076;5195.8;1
37;1;3;7;2;1;0;1;5;1;442;1;22;0;0;01.082021;92.893;46.2;1.244;5099.1;1
27;10;2;7;0;1;0;1;9;2;530;1;3;1;2;01.012021;94.199;37.5;0.879;4963.6;1
58;5;1;7;0;0;0;1;5;2;289;1;3;4;2;01.082021;93.876;40.0;0.683;5008.7;1
30;1;1;7;0;1;1;1;4;2;739;2;22;0;0;01.082021;93.075;47.1;1.483;5099.1;1
29;10;1;4;0;1;0;1;6;5;365;3;22;0;0;02.092021;92.963;40.8;1.268;5076.2;1
54;3;1;6;0;0;0;1;11;4;1855;1;22;0;0;0.1;93.2;42.0;4.153;5195.8;1
22;1;2;7;0;1;0;1;9;1;194;2;22;3;1;01.012021;94.199;37.5;0.882;4963.6;1
48;2;1;3;0;0;0;2;5;1;607;1;22;0;0;1.012021;93.994;36.4;4.858;5191.0;1
32;7;2;7;0;0;0;1;7;2;276;2;22;0;0;02.092021;92.469;33.6;1.072;5076.2;1
29;1;2;0;0;1;0;1;3;1;132;1;22;0;0;01.082021;93.369;34.8;0.652;5008.7;1
55;6;1;4;0;1;0;1;10;2;424;2;7;1;2;03.042021;92.431;26.092021;0.722;5017.5;1
31;2;2;1;0;0;0;2;6;2;590;3;22;0;0;1.042021;94.465;41.8;4.866;5228.1;1
27;1;2;7;0;1;0;1;6;5;266;2;22;1;1;01.072021;94.055;39.8;0.748;4991.6;1
43;2;2;2;0;1;1;1;7;3;1806;4;22;0;0;1.042021;93.918;42.7;4.957;5228.1;1
32;1;2;6;0;1;1;1;5;2;1046;1;22;0;0;01.082021;92.893;46.2;1.327;5099.1;1
47;1;2;7;0;0;0;1;10;1;767;3;22;0;0;01.012021;94.601;49.5;1.0;4963.6;1
37;10;1;6;0;0;1;1;7;5;674;3;22;0;0;1.042021;93.918;42.7;4.957;5228.1;1
35;10;1;4;2;1;0;1;7;4;740;1;22;0;0;1.042021;93.918;42.7;4.962;5228.1;1
32;2;1;6;0;0;0;2;5;2;1119;1;22;0;0;1.012021;93.994;36.4;4.855;5191.0;1
60;1;1;4;0;1;1;1;4;2;482;2;22;0;0;01.082021;93.075;47.1;1.365;5099.1;1
30;2;1;6;0;0;0;1;5;5;1357;4;22;1;1;01.082021;92.893;46.2;1.012025;5099.1;1
80;6;3;4;0;1;0;1;10;2;169;1;22;0;0;03.042021;92.431;26.092021;0.722;5017.5;1
30;1;2;4;0;0;0;1;9;5;219;3;6;1;2;01.012021;94.199;37.5;0.883;4963.6;1
24;10;2;6;0;2;2;1;5;3;311;2;22;0;0;01.082021;92.893;46.2;1.012027;5099.1;1
31;2;1;3;0;1;0;1;5;1;475;1;22;1;1;01.082021;92.893;46.2;1.299;5099.1;1
34;2;1;2;2;0;0;1;7;3;727;3;22;0;0;1.042021;93.918;42.7;4.962;5228.1;1
61;1;1;7;0;1;1;1;4;2;266;5;22;0;0;01.082021;93.075;47.1;1.406;5099.1;1
69;6;3;7;0;1;0;1;4;4;207;2;22;0;0;01.082021;93.075;47.1;1.423;5099.1;1
28;9;2;3;0;1;0;1;3;4;320;1;22;0;0;01.082021;92.843;50.0;1.799;5099.1;1
58;1;1;7;0;0;0;1;9;2;272;4;6;1;2;01.012021;94.199;37.5;0.878;4963.6;1
37;1;1;7;0;0;0;2;7;1;1009;5;22;0;0;1.042021;93.918;42.7;4.962;5228.1;1
30;9;2;4;0;0;0;1;3;5;268;5;10;2;1;01.082021;92.843;50.0;1.011964;5099.1;1
25;10;2;6;0;1;0;1;11;5;712;2;19;1;2;01.012021;94.767;50.8;4.122021;4963.6;1
26;11;2;7;0;1;0;1;8;2;203;1;3;3;2;01.072021;94.027;38.3;0.904;4991.6;1
26;2;1;3;0;0;0;2;6;1;230;3;22;0;0;1.042021;94.465;41.8;4.865;5228.1;1
44;8;3;2;0;1;0;1;8;3;153;3;0;1;2;01.072021;94.027;38.3;0.9;4991.6;1
43;1;2;4;0;0;0;1;11;3;1011;1;22;1;1;0.1;93.2;42.0;4.122021;5195.8;1
53;2;1;1;2;1;0;2;8;4;1186;4;22;0;0;1.042021;93.444;36.1;4.968;5228.1;1
54;4;3;7;0;1;1;1;11;2;653;1;22;0;0;0.1;93.2;42.0;4.076;5195.8;1
31;1;1;4;0;0;1;1;8;1;155;2;4;1;2;02.092021;92.201;31.4;0.884;5076.2;1
26;5;2;7;0;0;0;1;3;2;139;1;22;0;0;01.082021;92.843;50.0;1.011965;5099.1;1
33;10;2;6;0;1;0;1;5;3;519;2;22;2;1;01.082021;92.893;46.2;1.334;5099.1;1
30;1;2;6;0;2;2;1;6;2;246;1;7;1;2;02.092021;92.963;40.8;1.012026;5076.2;1
31;5;2;7;0;1;0;1;11;3;424;2;22;0;0;0.1;93.2;42.0;4.122021;5195.8;1
48;11;1;6;0;0;0;2;5;3;360;1;6;1;2;01.082021;93.876;40.0;0.682;5008.7;1
25;9;2;0;0;0;0;1;6;1;301;3;22;0;0;02.092021;92.963;40.8;1.281;5076.2;1
30;10;1;7;0;1;0;2;5;4;683;2;22;0;0;1.012021;93.994;36.4;4.856;5191.0;1
32;10;1;6;0;0;0;1;4;1;688;2;22;0;0;01.082021;93.749;34.6;0.645;5008.7;1
33;1;2;6;0;1;0;1;5;1;1340;1;22;0;0;01.082021;92.893;46.2;1.244;5099.1;1
80;6;1;1;0;0;0;1;3;5;213;3;6;4;2;01.082021;93.369;34.8;0.649;5008.7;1
38;1;2;4;0;1;0;1;4;2;882;1;6;1;2;01.082021;93.749;34.6;0.659;5008.7;1
45;5;1;0;0;1;0;1;4;4;379;3;7;1;2;01.082021;93.749;34.6;0.642;5008.7;1
44;5;1;7;0;0;0;1;8;4;175;2;22;2;1;02.092021;92.201;31.4;0.883;5076.2;1
43;1;1;7;2;1;0;1;8;4;1332;1;22;0;0;1.042021;93.444;36.1;4.968;5228.1;1
42;1;1;7;0;1;0;1;8;4;1311;2;22;0;0;1.042021;93.444;36.1;4.968;5228.1;1
50;2;1;3;0;1;0;1;4;2;1365;2;22;1;1;01.082021;93.075;47.1;1.011941;5099.1;1
49;2;1;2;0;1;0;2;5;5;1980;2;22;0;0;1.012021;93.994;36.4;4.864;5191.0;1
44;8;3;4;0;1;1;1;4;4;895;1;22;0;0;01.082021;93.075;47.1;1.453;5099.1;1
34;10;3;6;0;1;0;1;5;5;1190;2;22;0;0;01.082021;92.893;46.2;1.012025;5099.1;1
30;1;1;7;0;1;1;1;5;1;742;4;22;0;0;01.082021;92.893;46.2;1.354;5099.1;1
27;10;2;4;0;1;0;1;7;5;784;1;22;0;0;1.042021;93.918;42.7;4.962;5228.1;1
35;7;1;7;0;1;0;1;6;2;269;1;22;0;0;02.092021;92.963;40.8;1.012026;5076.2;1
63;5;1;1;2;1;0;1;11;4;131;4;22;2;1;03.042021;92.649;30.012021;0.715;5017.5;1
52;1;1;7;0;0;0;1;5;2;195;1;22;0;0;01.082021;93.876;40.0;0.677;5008.7;1
28;9;2;3;0;1;0;1;3;4;156;1;22;0;0;01.082021;92.843;50.0;1.799;5099.1;1
38;2;2;4;0;0;0;2;3;4;450;3;6;2;2;01.082021;93.369;34.8;0.652;5008.7;1
33;7;2;7;0;1;0;1;3;1;265;2;22;0;0;01.082021;93.369;34.8;0.652;5008.7;1
58;6;3;7;0;1;0;1;4;3;129;1;22;0;0;01.082021;93.075;47.1;1.415;5099.1;1
30;8;2;4;0;1;0;1;8;2;148;2;22;0;0;02.092021;92.201;31.4;0.873;5076.2;1
25;9;2;4;0;0;0;1;6;1;485;2;22;0;0;01.072021;94.055;39.8;0.72;4991.6;1
41;4;1;4;0;1;0;2;11;5;1074;1;22;0;0;0.1;93.2;42.0;4.021;5195.8;1
53;2;2;3;0;2;2;1;3;2;362;1;9;2;2;01.082021;93.369;34.8;0.643;5008.7;1
34;1;1;7;0;0;0;1;10;5;281;1;22;2;1;03.042021;92.431;26.092021;0.73;5017.5;1
43;1;1;4;0;0;0;2;6;5;1422;10;22;0;0;1.042021;94.465;41.8;4.959;5228.1;1
37;5;1;0;0;0;0;1;12;3;149;3;22;0;0;3.0;92.713;33.0;0.715;5023.5;1
32;1;1;7;0;1;0;1;6;4;712;1;3;2;1;02.092021;92.963;40.8;1.262;5076.2;1
41;7;1;3;0;1;0;1;5;2;1135;3;22;1;1;01.082021;92.893;46.2;1.327;5099.1;1
51;10;2;7;0;0;0;1;6;5;657;1;22;0;0;02.092021;92.963;40.8;1.268;5076.2;1
52;5;1;7;0;0;0;1;8;4;600;1;22;0;0;02.092021;92.201;31.4;0.884;5076.2;1
40;11;1;6;0;0;1;2;9;5;91;1;22;0;0;03.042021;92.379;29.082021;0.773;5017.5;1
38;10;1;6;0;1;0;1;3;5;363;2;10;1;2;01.082021;92.843;50.0;1.726;5099.1;1
66;6;1;6;0;0;1;1;3;4;525;1;21;2;1;01.082021;93.369;34.8;0.655;5008.7;1
50;10;1;6;2;1;1;2;6;5;705;7;22;0;0;1.042021;94.465;41.8;4.959;5228.1;1
82;4;3;1;0;0;0;1;7;3;316;1;22;0;0;01.072021;94.215;40.3;0.881;4991.6;1
55;0;1;1;0;1;0;1;7;2;1298;1;22;0;0;1.042021;93.918;42.7;4.962;5228.1;1
28;10;2;6;0;1;0;1;8;2;78;3;22;0;0;02.092021;92.201;31.4;0.851;5076.2;1
37;1;1;7;0;0;1;1;12;1;206;2;6;1;2;3.0;92.713;33.0;0.706;5023.5;1
26;1;2;7;0;0;0;2;8;1;1087;1;3;1;2;01.072021;94.027;38.3;0.904;4991.6;1
39;8;2;4;0;1;0;1;8;5;308;6;22;0;0;01.072021;94.027;38.3;0.898;4991.6;1
37;1;2;7;0;0;0;1;10;5;416;2;22;0;0;03.042021;92.431;26.092021;0.72;5017.5;1
52;5;1;4;0;0;0;1;8;4;408;1;22;0;0;02.092021;92.201;31.4;0.883;5076.2;1
68;6;3;6;0;1;0;1;10;4;418;2;22;0;0;03.042021;92.431;26.092021;0.728;5017.5;1
36;1;1;7;0;1;0;1;5;4;196;1;22;0;0;01.082021;93.876;40.0;0.697;5008.7;1
57;10;1;4;2;0;0;1;8;5;784;1;22;0;0;1.042021;93.444;36.1;4.966;5228.1;1
33;5;1;6;0;0;0;1;5;2;578;1;22;0;0;01.082021;92.893;46.2;1.266;5099.1;1
48;1;3;3;0;0;0;1;7;4;1424;4;22;0;0;1.042021;93.918;42.7;4.961;5228.1;1
54;2;1;3;0;0;0;1;6;5;258;2;22;0;0;02.092021;92.963;40.8;1.268;5076.2;1
30;10;2;7;0;0;0;1;9;2;327;2;22;0;0;01.012021;94.199;37.5;0.879;4963.6;1
28;10;2;7;0;1;0;1;3;1;120;3;22;0;0;01.082021;92.843;50.0;1.811;5099.1;1
38;8;2;4;0;0;0;1;9;5;256;2;22;0;0;01.012021;94.199;37.5;0.878;4963.6;1
52;10;1;7;0;0;0;1;5;2;211;1;3;4;2;01.082021;93.876;40.0;0.677;5008.7;1
60;6;1;4;0;0;0;1;5;2;181;3;6;1;2;01.082021;93.876;40.0;0.699;5008.7;1
64;6;1;0;0;0;0;1;8;5;252;4;22;0;0;02.092021;92.201;31.4;0.849;5076.2;1
59;1;1;4;0;1;0;1;8;3;1019;2;2;1;2;02.092021;92.201;31.4;0.884;5076.2;1
31;8;1;3;0;1;0;1;7;3;537;1;22;0;0;1.042021;93.918;42.7;4.962;5228.1;1
32;7;2;7;0;1;0;1;12;1;205;4;22;1;1;3.0;92.713;33.0;0.706;5023.5;1
36;1;1;7;0;0;0;1;6;1;174;1;3;1;2;02.092021;92.963;40.8;1.266;5076.2;1
40;1;1;7;0;0;0;1;4;2;815;1;22;0;0;01.082021;93.075;47.1;1.365;5099.1;1
31;10;1;6;0;1;0;2;6;4;208;1;22;0;0;01.072021;94.055;39.8;0.723;4991.6;1
49;7;1;4;0;0;0;1;5;5;532;3;22;0;0;01.082021;92.893;46.2;1.012025;5099.1;1
53;10;2;6;0;1;0;1;11;3;1468;3;22;0;0;0.1;93.2;42.0;4.122021;5195.8;1
33;8;1;4;0;1;0;1;6;3;274;2;12;2;2;01.072021;94.055;39.8;0.767;4991.6;1
33;1;2;7;0;0;0;1;3;4;406;2;22;1;1;01.082021;92.843;50.0;1.614;5099.1;1
45;1;2;7;0;0;0;1;5;5;582;1;3;1;2;01.082021;92.893;46.2;1.259;5099.1;1
49;4;1;1;2;0;1;2;5;3;801;1;22;0;0;1.012021;93.994;36.4;4.858;5191.0;1
52;10;1;6;0;1;0;1;11;5;495;1;3;1;2;03.042021;92.649;30.012021;0.714;5017.5;1
32;8;2;4;0;1;1;1;8;3;253;1;4;2;2;02.092021;92.201;31.4;0.884;5076.2;1
41;1;1;7;0;0;0;1;4;4;463;1;22;0;0;01.082021;93.075;47.1;1.453;5099.1;1
50;7;1;3;0;1;1;1;5;1;673;6;3;1;2;01.082021;92.893;46.2;1.354;5099.1;1
32;1;1;7;0;1;1;1;6;4;384;1;22;0;0;02.092021;92.963;40.8;1.262;5076.2;1
33;8;1;6;0;1;1;1;7;2;630;4;22;0;0;1.042021;93.918;42.7;4.968;5228.1;1
25;9;2;7;0;0;0;1;8;2;184;1;22;0;0;02.092021;92.201;31.4;0.851;5076.2;1
71;4;1;1;0;1;0;1;11;4;193;2;22;0;0;03.042021;92.649;30.012021;0.715;5017.5;1
27;1;2;7;0;1;0;1;4;5;156;2;22;0;0;01.082021;93.075;47.1;1.405;5099.1;1
45;1;3;4;0;1;0;1;11;5;980;2;22;0;0;0.1;93.2;42.0;4.021;5195.8;1
29;11;1;1;0;0;0;2;12;2;805;1;22;0;0;3.0;92.713;33.0;0.714;5023.5;1
26;9;2;6;0;1;0;1;8;4;176;2;22;1;1;02.092021;92.201;31.4;0.883;5076.2;1
54;11;1;4;0;1;0;1;12;3;346;1;22;0;0;3.0;92.713;33.0;0.721;5023.5;1
28;1;2;4;0;0;0;1;6;1;491;2;22;0;0;02.092021;92.963;40.8;1.012026;5076.2;1
39;5;1;7;0;1;0;1;9;2;291;3;22;0;0;01.012021;94.199;37.5;0.884;4963.6;1
43;2;1;2;0;1;0;1;6;1;458;6;22;0;0;02.092021;92.963;40.8;1.281;5076.2;1
33;1;2;7;0;1;0;1;10;5;233;1;22;0;0;03.042021;92.431;26.092021;0.739;5017.5;1
66;6;1;4;0;2;2;1;3;4;881;3;22;1;1;01.082021;93.369;34.8;0.646;5008.7;1
57;10;1;6;0;1;0;2;5;1;483;2;22;0;0;1.012021;93.994;36.4;4.858;5191.0;1
74;6;1;7;0;1;1;1;8;3;232;3;22;0;0;02.092021;92.201;31.4;0.854;5076.2;1
81;6;1;1;0;1;0;1;10;3;621;1;22;2;1;01.012021;94.601;49.5;1.016;4963.6;1
60;1;1;7;0;1;0;1;5;1;1602;2;22;0;0;01.082021;92.893;46.2;1.354;5099.1;1
47;5;1;7;0;1;0;1;9;1;323;1;3;2;2;03.042021;92.379;29.082021;0.771;5017.5;1
25;1;2;7;0;1;1;1;10;5;115;1;22;1;1;03.042021;92.431;26.092021;0.739;5017.5;1
30;2;1;3;0;1;0;1;5;5;487;2;22;0;0;01.082021;92.893;46.2;1.313;5099.1;0
39;8;2;4;0;0;0;2;5;5;346;4;22;0;0;1.012021;93.994;36.4;4.855;5191.0;0
25;8;1;4;0;1;0;2;6;3;227;1;22;0;0;1.042021;94.465;41.8;4.962;5228.1;0
38;8;1;3;0;2;2;2;6;5;17;3;22;0;0;1.042021;94.465;41.8;4.959;5228.1;0
47;1;1;7;0;1;0;1;11;1;58;1;22;0;0;0.1;93.2;42.0;4.191;5195.8;0
32;8;2;7;0;0;0;1;9;2;128;3;22;2;1;01.012021;94.199;37.5;0.884;4963.6;0
32;1;2;7;0;1;0;1;9;1;290;4;22;0;0;01.012021;94.199;37.5;0.879;4963.6;0
41;3;1;7;2;1;0;1;11;1;44;2;22;0;0;0.1;93.2;42.0;4.191;5195.8;0
31;8;3;6;0;0;0;1;11;4;68;1;22;1;1;0.1;93.2;42.0;4.153;5195.8;0
35;2;1;3;2;0;0;2;5;2;170;1;22;0;0;1.012021;93.994;36.4;4.855;5191.0;0
25;8;2;2;2;1;0;1;7;2;301;1;22;0;0;1.042021;93.918;42.7;4.958;5228.1;0
36;7;2;1;0;0;0;1;7;2;148;1;22;0;0;1.042021;93.918;42.7;4.968;5228.1;0
36;1;1;4;0;0;0;2;5;3;97;2;22;0;0;1.012021;93.994;36.4;4.859;5191.0;0
47;2;1;1;0;1;0;2;6;2;211;2;22;0;0;1.042021;94.465;41.8;4.958;5228.1;0
29;1;2;4;0;0;0;1;5;5;553;2;22;0;0;01.082021;92.893;46.2;1.313;5099.1;0
27;8;2;7;0;0;0;1;7;3;698;2;22;0;0;1.042021;93.918;42.7;4.963;5228.1;0
44;1;3;7;0;0;0;1;7;3;191;6;22;0;0;1.042021;93.918;42.7;4.957;5228.1;0
46;1;3;7;0;1;0;2;7;1;59;4;22;0;0;1.042021;93.918;42.7;4.962;5228.1;0
45;3;1;7;2;1;1;1;8;1;38;2;22;0;0;1.042021;93.444;36.1;4.965;5228.1;0
55;8;1;2;2;1;0;1;7;4;326;6;22;0;0;1.042021;93.918;42.7;4.962;5228.1;0
29;10;2;7;0;1;1;1;8;3;626;3;22;0;0;1.042021;93.444;36.1;4.967;5228.1;0
40;5;1;4;0;0;1;1;8;3;119;1;22;0;0;1.042021;93.444;36.1;4.965;5228.1;0
44;10;1;6;2;1;0;2;5;5;388;7;22;0;0;1.012021;93.994;36.4;4.864;5191.0;0
36;10;3;6;0;0;0;2;5;3;446;1;22;0;0;1.012021;93.994;36.4;4.856;5191.0;0
28;2;1;2;2;0;0;1;5;1;68;2;22;1;1;01.082021;92.893;46.2;1.299;5099.1;0
47;1;2;0;2;0;0;2;5;2;127;1;22;0;0;1.012021;93.994;36.4;1.041986;5191.0;0
34;1;1;7;0;0;0;1;8;4;109;1;22;0;0;1.042021;93.444;36.1;4.963;5228.1;0
38;10;1;7;0;1;1;1;3;4;113;1;22;1;1;01.082021;92.843;50.0;1.687;5099.1;0
33;8;1;4;2;1;0;2;6;1;393;3;22;0;0;1.042021;94.465;41.8;4.865;5228.1;0
51;10;2;7;0;0;0;1;6;5;151;2;22;0;0;02.092021;92.963;40.8;1.268;5076.2;0
30;2;2;1;2;1;0;2;6;4;256;1;22;0;0;1.042021;94.465;41.8;4.864;5228.1;0
48;10;1;7;0;0;0;1;8;2;42;7;22;0;0;1.042021;93.444;36.1;4.962;5228.1;0
28;2;2;3;0;1;0;2;6;3;525;1;22;0;0;1.042021;94.465;41.8;4.864;5228.1;0
36;2;1;2;0;1;0;2;5;3;57;1;22;0;0;1.012021;93.994;36.4;4.859;5191.0;0
46;5;3;4;0;0;0;1;11;3;499;1;22;0;0;0.1;93.2;42.0;4.122021;5195.8;0
31;10;2;0;0;1;0;1;5;3;84;1;22;1;1;01.082021;92.893;46.2;1.334;5099.1;0
20;9;2;0;0;0;0;1;10;1;137;3;22;3;1;01.012021;94.601;49.5;0.977;4963.6;0
35;8;1;4;2;1;0;1;5;4;31;1;22;0;0;01.082021;92.893;46.2;1.344;5099.1;0
38;2;1;3;2;2;2;2;6;5;430;1;22;0;0;1.042021;94.465;41.8;4.967;5228.1;0
76;6;1;7;0;0;0;1;8;2;126;1;22;1;1;01.072021;94.027;38.3;0.899;4991.6;0
45;3;3;6;0;1;0;1;7;4;211;3;22;0;0;1.042021;93.918;42.7;4.961;5228.1;0
32;4;1;1;0;1;1;1;5;5;340;1;22;0;0;01.082021;92.893;46.2;1.313;5099.1;0
39;5;2;7;2;0;0;1;5;2;412;2;22;0;0;01.082021;92.893;46.2;1.327;5099.1;0
32;1;1;7;0;0;0;2;11;2;132;1;22;0;0;0.1;93.2;42.0;4.592;5195.8;0
29;1;2;3;0;0;0;1;5;1;79;2;22;0;0;01.082021;92.893;46.2;1.299;5099.1;0
44;8;1;6;0;0;0;1;8;1;341;2;22;0;0;1.042021;93.444;36.1;1.041997;5228.1;0
32;8;1;4;0;0;1;1;7;5;157;3;22;0;0;1.042021;93.918;42.7;4.957;5228.1;0
56;6;1;7;0;1;0;1;6;3;252;1;22;2;1;02.092021;92.963;40.8;1.012026;5076.2;0
33;2;1;3;0;1;0;1;5;2;263;1;22;0;0;01.082021;92.893;46.2;1.327;5099.1;0
39;5;1;4;0;0;0;1;8;5;215;3;22;0;0;1.042021;93.444;36.1;4.966;5228.1;0
33;1;2;7;0;1;0;1;5;2;143;1;22;0;0;01.082021;92.893;46.2;1.327;5099.1;0
58;3;3;7;0;0;0;2;6;2;40;2;22;0;0;1.042021;94.465;41.8;4.866;5228.1;0
29;1;2;7;0;1;0;2;6;5;10;27;22;0;0;1.042021;94.465;41.8;4.959;5228.1;0
31;1;1;7;0;1;0;1;8;2;113;1;22;0;0;1.042021;93.444;36.1;4.964;5228.1;0
27;1;1;7;0;0;0;2;5;3;191;5;22;0;0;1.012021;93.994;36.4;4.857;5191.0;0
55;3;1;6;0;1;1;1;10;1;233;1;22;2;1;03.042021;92.431;26.092021;0.739;5017.5;0
37;2;1;3;0;1;0;1;5;3;204;2;22;0;0;01.082021;92.893;46.2;1.334;5099.1;0
46;8;1;4;0;1;0;1;4;1;180;1;22;0;0;01.082021;93.075;47.1;1.405;5099.1;0
42;2;3;2;0;1;0;1;5;3;16;2;22;0;0;01.082021;92.893;46.2;1.281;5099.1;0
35;1;2;7;0;1;0;1;7;1;447;3;22;0;0;1.042021;93.918;42.7;1.041996;5228.1;0
49;10;3;0;0;1;1;1;10;2;81;1;22;0;0;03.042021;92.431;26.092021;0.754;5017.5;0
29;8;3;4;0;0;1;2;6;1;361;3;22;0;0;1.042021;94.465;41.8;4.865;5228.1;0
37;7;1;7;0;0;0;1;5;5;395;1;22;1;1;01.082021;92.893;46.2;1.313;5099.1;0
28;1;2;4;0;1;0;1;5;4;59;3;22;0;0;01.082021;92.893;46.2;1.291;5099.1;0
34;5;1;7;0;1;0;1;5;3;77;4;22;0;0;01.082021;92.893;46.2;1.281;5099.1;0
31;1;1;7;0;1;0;1;8;2;96;5;22;0;0;1.042021;93.444;36.1;4.962;5228.1;0
31;1;2;7;0;1;0;2;6;3;357;2;22;0;0;1.042021;94.465;41.8;4.864;5228.1;0
38;7;2;7;0;0;0;2;5;2;459;2;22;0;0;1.012021;93.994;36.4;4.855;5191.0;0
33;11;1;3;0;0;0;2;6;5;11;6;22;0;0;1.042021;94.465;41.8;4.959;5228.1;0
32;10;2;7;0;0;0;1;8;4;264;12;22;0;0;1.042021;93.444;36.1;4.966;5228.1;0
54;10;1;6;2;1;0;1;4;1;698;1;22;0;0;01.082021;93.075;47.1;1.405;5099.1;0
41;1;3;4;0;1;0;2;6;4;204;2;22;0;0;1.042021;94.465;41.8;4.961;5228.1;0
59;8;1;1;2;0;0;1;8;2;93;7;22;0;0;1.042021;93.444;36.1;4.963;5228.1;0
57;6;1;7;0;1;0;1;4;2;374;1;2;1;2;01.082021;93.075;47.1;1.365;5099.1;0
38;3;3;7;0;1;0;1;11;2;252;1;22;0;0;0.1;93.2;42.0;4.076;5195.8;0
46;1;1;7;0;1;0;2;5;4;158;1;22;0;0;1.012021;93.994;36.4;4.857;5191.0;0
37;11;2;7;0;1;1;1;11;4;95;1;22;0;0;0.1;93.2;42.0;4.153;5195.8;0
36;2;1;2;0;1;0;2;7;3;16;1;22;0;0;1.042021;93.918;42.7;4.962;5228.1;0
40;11;2;4;0;1;0;1;7;1;300;5;22;0;0;1.042021;93.918;42.7;1.041996;5228.1;0
38;2;1;3;0;0;0;1;11;4;180;2;22;1;1;0.1;93.2;42.0;4.153;5195.8;0
44;2;1;4;2;0;0;2;6;4;390;2;22;0;0;1.042021;94.465;41.8;4.961;5228.1;0
25;7;1;7;0;1;0;2;5;5;274;2;22;0;0;1.012021;93.994;36.4;4.857;5191.0;0
30;2;2;2;0;1;0;2;7;4;135;5;22;0;0;1.042021;93.918;42.7;4.961;5228.1;0
43;5;1;6;0;0;0;1;11;4;257;2;22;0;0;0.1;93.2;42.0;4.153;5195.8;0
58;6;1;2;2;0;0;2;5;1;268;3;22;0;0;1.012021;93.994;36.4;4.857;5191.0;0
31;10;1;6;0;1;0;2;5;3;157;6;22;0;0;1.012021;93.994;36.4;4.856;5191.0;0
53;5;1;7;0;0;0;1;7;4;477;2;22;0;0;1.042021;93.918;42.7;4.961;5228.1;0
52;1;1;0;0;0;0;1;8;4;91;1;22;0;0;1.042021;93.444;36.1;4.968;5228.1;0
37;5;1;7;2;0;1;1;4;5;76;1;22;1;1;01.082021;93.075;47.1;1.405;5099.1;0
58;1;1;4;2;1;0;1;7;4;103;1;22;0;0;1.042021;93.918;42.7;4.961;5228.1;0
37;8;1;4;0;1;1;1;5;2;436;3;22;0;0;01.082021;92.893;46.2;1.266;5099.1;0
38;1;2;0;0;1;0;1;5;5;191;1;22;0;0;01.082021;92.893;46.2;1.313;5099.1;0
33;8;2;3;0;1;0;1;4;2;483;2;22;0;0;01.082021;93.075;47.1;1.011941;5099.1;0
45;8;1;4;2;1;0;1;5;5;250;1;22;0;0;01.082021;92.893;46.2;1.012025;5099.1;0
44;3;1;6;0;0;0;2;5;1;259;1;22;0;0;1.012021;93.994;36.4;4.858;5191.0;0
38;2;1;2;0;1;0;2;7;2;389;2;22;0;0;1.042021;93.918;42.7;4.966;5228.1;0
34;2;1;3;0;0;0;2;6;4;7;1;22;0;0;01.072021;94.055;39.8;0.702;4991.6;0
47;5;1;7;0;1;0;1;7;3;123;1;22;0;0;02.092021;92.469;33.6;1.029;5076.2;0
59;1;1;7;0;1;1;1;7;3;92;1;22;0;0;02.092021;92.469;33.6;1.085;5076.2;0
51;2;1;1;2;1;1;1;8;2;297;2;22;0;0;1.042021;93.444;36.1;4.964;5228.1;0
31;2;1;2;0;1;0;2;6;3;406;2;22;0;0;1.042021;94.465;41.8;4.864;5228.1;0
56;5;1;7;0;1;1;1;11;3;104;1;22;1;1;0.1;93.2;42.0;4.122021;5195.8;0
39;1;1;7;0;0;0;2;6;1;135;2;22;0;0;1.042021;94.465;41.8;4.961;5228.1;0
41;5;3;2;0;1;0;1;11;2;147;1;22;0;0;0.1;93.2;42.0;4.076;5195.8;0
53;8;1;4;2;0;0;2;5;2;203;4;22;0;0;1.012021;93.994;36.4;1.041986;5191.0;0
35;2;1;4;0;0;1;1;7;1;149;4;22;0;0;1.042021;93.918;42.7;4.962;5228.1;0
58;6;1;3;0;0;1;1;5;3;144;1;22;0;0;01.082021;92.893;46.2;1.334;5099.1;0
25;7;1;6;0;1;0;2;6;3;394;2;22;0;0;1.042021;94.465;41.8;4.959;5228.1;0
35;2;3;3;0;1;0;1;5;4;523;1;22;1;1;01.082021;92.893;46.2;1.344;5099.1;0
28;8;2;4;0;0;0;1;7;3;73;1;22;0;0;1.042021;93.918;42.7;4.963;5228.1;0
55;2;1;6;0;1;1;1;5;5;197;3;22;1;1;01.082021;92.893;46.2;1.012025;5099.1;0
54;3;1;1;2;0;1;2;5;2;108;1;22;0;0;1.012021;93.994;36.4;4.855;5191.0;0
45;10;3;3;2;0;0;1;7;3;80;2;22;0;0;1.042021;93.918;42.7;4.962;5228.1;0
32;2;1;3;0;1;0;1;4;2;114;1;22;1;1;01.082021;93.075;47.1;1.011941;5099.1;0
50;1;1;3;2;1;0;1;8;2;122;3;22;0;0;1.042021;93.444;36.1;4.963;5228.1;0
33;7;3;0;0;0;0;2;5;3;1161;4;22;0;0;1.012021;93.994;36.4;4.858;5191.0;0
29;5;1;7;0;0;1;1;8;3;181;2;22;0;0;1.042021;93.444;36.1;4.967;5228.1;0
45;5;1;7;0;1;0;1;5;2;239;1;22;0;0;01.082021;92.893;46.2;1.327;5099.1;0
24;8;2;6;0;1;0;2;5;1;314;1;22;0;0;1.012021;93.994;36.4;4.858;5191.0;0
41;10;1;6;0;1;0;1;8;1;984;1;22;0;0;1.042021;93.444;36.1;4.963;5228.1;0
34;1;1;7;0;0;1;2;5;3;157;2;22;0;0;1.012021;93.994;36.4;4.857;5191.0;0
34;1;1;7;0;0;0;1;11;1;141;2;22;0;0;01.012021;94.767;50.8;4.122021;4963.6;0
37;10;3;6;0;0;0;2;5;3;374;1;22;0;0;1.012021;93.994;36.4;4.856;5191.0;0
54;10;3;6;0;1;1;1;7;4;797;14;22;0;0;1.042021;93.918;42.7;4.961;5228.1;0
32;10;3;6;0;1;0;1;11;4;250;1;22;0;0;0.1;93.2;42.0;4.153;5195.8;0
42;1;1;4;0;1;0;1;7;5;311;6;22;0;0;1.042021;93.918;42.7;4.962;5228.1;0
33;8;2;4;0;1;0;2;5;5;111;1;22;0;0;1.012021;93.994;36.4;4.864;5191.0;0
41;2;1;3;0;1;0;1;4;1;148;2;22;0;0;01.082021;93.075;47.1;1.405;5099.1;0
31;8;1;4;0;0;1;1;11;2;49;1;22;0;0;0.1;93.2;42.0;4.076;5195.8;0
40;10;1;3;2;0;1;2;5;2;171;4;22;0;0;1.012021;93.994;36.4;1.041986;5191.0;0
53;0;1;3;0;0;1;1;11;3;242;1;22;1;1;03.042021;92.649;30.012021;0.716;5017.5;0
40;1;3;7;0;1;0;1;8;1;257;1;22;0;0;1.042021;93.444;36.1;4.965;5228.1;0
28;2;1;1;0;1;0;1;7;1;113;1;22;0;0;1.042021;93.918;42.7;1.041996;5228.1;0
30;1;1;4;2;1;0;1;11;3;246;3;22;0;0;0.1;93.2;42.0;4.122021;5195.8;0
32;10;2;7;0;1;0;1;8;3;168;1;22;0;0;1.042021;93.444;36.1;4.965;5228.1;0
54;2;1;1;0;1;0;1;8;4;153;1;22;0;0;1.042021;93.444;36.1;4.963;5228.1;0
31;2;1;3;0;0;0;1;7;3;152;1;22;0;0;1.042021;93.918;42.7;4.963;5228.1;0
50;8;1;0;0;1;0;1;8;2;90;2;22;0;0;1.042021;93.444;36.1;4.968;5228.1;0
47;10;2;0;0;0;0;1;7;4;117;2;22;0;0;1.042021;93.918;42.7;4.961;5228.1;0
31;1;2;4;0;1;1;1;5;3;149;1;22;0;0;01.082021;92.893;46.2;1.281;5099.1;0
32;11;1;4;0;1;0;1;11;2;640;1;22;0;0;0.1;93.2;42.0;4.076;5195.8;0
46;1;2;4;0;1;0;1;11;1;199;2;22;2;1;01.012021;94.767;50.8;1.048;4963.6;0
47;1;2;4;0;0;0;1;5;1;1114;2;22;0;0;01.082021;92.893;46.2;1.299;5099.1;0
32;1;2;4;0;0;0;1;11;1;74;2;22;2;1;01.012021;94.767;50.8;1.048;4963.6;0
52;8;3;4;2;0;0;1;11;1;190;1;22;0;0;0.1;93.2;42.0;4.191;5195.8;0
32;1;1;7;0;1;0;1;5;5;374;2;22;0;0;01.082021;92.893;46.2;1.313;5099.1;0
71;2;3;1;2;0;0;1;8;2;224;1;22;0;0;01.072021;94.027;38.3;0.904;4991.6;0
49;8;1;4;0;1;0;2;5;5;344;2;22;0;0;1.012021;93.994;36.4;4.855;5191.0;0
46;1;1;4;0;1;1;2;6;3;148;10;22;0;0;1.042021;94.465;41.8;4.864;5228.1;0
46;2;1;6;0;0;0;1;11;5;383;1;22;0;0;01.012021;94.767;50.8;1.028;4963.6;0
38;1;1;7;0;1;0;1;8;4;35;6;22;0;0;1.042021;93.444;36.1;4.965;5228.1;0
57;8;1;6;2;0;0;1;8;1;153;2;22;0;0;1.042021;93.444;36.1;4.965;5228.1;0
41;8;2;4;2;2;2;1;5;1;772;2;22;1;1;01.082021;92.893;46.2;1.299;5099.1;0
44;10;1;6;0;0;0;2;5;5;124;3;22;0;0;1.012021;93.994;36.4;4.864;5191.0;0
47;10;1;7;0;1;0;1;8;3;345;7;22;0;0;1.042021;93.444;36.1;4.964;5228.1;0
40;2;1;3;0;1;1;2;5;3;951;2;22;0;0;1.012021;93.994;36.4;4.858;5191.0;0
57;6;2;6;0;1;0;2;5;1;188;1;22;0;0;1.012021;93.994;36.4;4.857;5191.0;0
34;5;1;7;0;1;1;2;6;3;192;1;22;0;0;02.092021;92.963;40.8;1.012026;5076.2;0
42;3;1;7;0;1;0;2;5;4;154;1;22;0;0;1.012021;93.994;36.4;4.857;5191.0;0
51;10;1;0;0;1;0;2;6;5;17;3;22;0;0;1.042021;94.465;41.8;4.959;5228.1;0
45;5;1;1;2;1;0;2;5;5;100;1;22;0;0;1.012021;93.994;36.4;4.855;5191.0;0
56;6;1;4;0;0;0;1;5;1;317;1;22;0;0;01.082021;92.893;46.2;1.244;5099.1;0
41;5;1;7;0;1;0;1;5;2;93;1;22;0;0;01.082021;92.893;46.2;1.327;5099.1;0
44;1;1;4;0;1;0;1;8;5;111;1;22;0;0;1.042021;93.444;36.1;4.964;5228.1;0
54;7;1;4;0;0;0;1;8;4;119;3;22;0;0;1.042021;93.444;36.1;4.963;5228.1;0
51;2;1;2;0;0;0;1;8;5;393;1;22;0;0;1.042021;93.444;36.1;4.964;5228.1;0
30;2;2;3;0;0;0;1;11;3;30;1;22;0;0;0.1;93.2;42.0;4.122021;5195.8;0
42;4;1;1;2;1;0;2;6;5;38;8;22;0;0;1.042021;94.465;41.8;4.959;5228.1;0
41;10;1;6;2;1;0;2;6;1;442;11;22;0;0;1.042021;94.465;41.8;4.865;5228.1;0
47;8;2;3;0;0;0;1;11;4;187;2;22;0;0;0.1;93.2;42.0;4.153;5195.8;0
35;2;1;2;0;1;0;1;4;5;113;1;22;1;1;01.082021;93.075;47.1;1.405;5099.1;0
58;2;1;3;0;0;0;1;11;4;64;1;22;1;1;0.1;93.2;42.0;4.153;5195.8;0
41;10;1;6;0;0;0;2;5;4;92;1;22;0;0;1.012021;93.994;36.4;4.856;5191.0;0
38;10;1;7;0;1;0;1;5;3;147;1;22;0;0;01.082021;92.893;46.2;1.334;5099.1;0
32;9;2;7;0;0;0;1;11;2;151;2;22;0;0;0.1;93.2;42.0;4.076;5195.8;0
21;9;2;4;0;0;0;1;8;4;259;1;22;1;1;02.092021;92.201;31.4;0.884;5076.2;0
46;1;3;3;2;0;0;2;5;3;423;1;22;0;0;1.012021;93.994;36.4;4.856;5191.0;0
42;7;1;7;0;1;0;1;11;5;888;3;22;0;0;0.1;93.2;42.0;4.021;5195.8;0
55;8;1;3;0;0;0;1;8;3;76;13;22;0;0;1.042021;93.444;36.1;4.964;5228.1;0
29;1;2;4;0;1;0;2;11;1;207;1;6;1;2;01.012021;94.767;50.8;4.122021;4963.6;0
30;2;2;2;2;1;0;2;6;3;100;1;22;0;0;1.042021;94.465;41.8;4.959;5228.1;0
53;5;1;1;0;1;0;1;11;3;63;1;22;0;0;0.1;93.2;42.0;4.122021;5195.8;0
35;5;1;7;0;1;0;1;11;3;265;2;22;0;0;0.1;93.2;42.0;4.122021;5195.8;0
46;8;1;6;0;1;0;2;5;4;273;4;22;0;0;1.012021;93.994;36.4;4.856;5191.0;0
30;2;1;0;0;0;0;2;5;3;85;2;22;0;0;1.012021;93.994;36.4;4.857;5191.0;0
43;3;1;7;2;1;0;1;7;4;261;1;22;0;0;1.042021;93.918;42.7;4.961;5228.1;0
42;8;1;4;2;1;0;1;7;1;136;4;22;0;0;1.042021;93.918;42.7;1.041996;5228.1;0
32;10;1;6;0;0;0;1;7;4;711;1;22;0;0;1.042021;93.918;42.7;4.962;5228.1;0
41;2;3;3;0;1;0;1;5;5;88;1;22;1;1;01.082021;92.893;46.2;1.313;5099.1;0
28;1;1;7;0;0;0;1;5;4;72;3;22;1;1;01.082021;92.893;46.2;1.291;5099.1;0
24;8;2;7;0;0;0;1;7;2;113;6;22;0;0;1.042021;93.918;42.7;4.963;5228.1;0
43;5;1;7;2;1;1;1;4;5;307;1;22;0;0;01.082021;93.075;47.1;1.405;5099.1;0
30;1;2;7;0;1;0;1;8;1;39;1;22;0;0;1.042021;93.444;36.1;1.041997;5228.1;0
55;2;1;3;2;0;0;1;11;4;63;2;22;0;0;0.1;93.2;42.0;4.153;5195.8;0
51;6;1;3;2;0;0;1;7;5;64;1;22;0;0;1.042021;93.918;42.7;4.959;5228.1;0
22;9;2;4;0;0;1;1;7;5;154;2;22;0;0;1.042021;93.918;42.7;4.957;5228.1;0
32;3;2;7;0;0;1;1;11;2;126;1;22;0;0;0.1;93.2;42.0;4.076;5195.8;0
43;1;1;6;2;0;0;1;7;2;127;3;22;0;0;1.042021;93.918;42.7;4.968;5228.1;0
39;5;1;2;2;0;0;2;6;1;156;5;22;0;0;1.042021;94.465;41.8;4.865;5228.1;0
52;2;3;0;0;0;0;1;7;4;111;8;22;0;0;1.042021;93.918;42.7;4.961;5228.1;0
38;10;2;6;0;1;0;1;5;1;202;3;22;1;1;01.082021;92.893;46.2;1.244;5099.1;0
59;6;1;1;0;0;0;2;4;4;353;4;22;0;0;01.082021;93.075;47.1;1.453;5099.1;0
31;2;1;1;0;1;0;2;5;3;159;2;22;0;0;1.012021;93.994;36.4;4.857;5191.0;0
44;0;2;3;2;1;0;2;6;1;76;3;22;0;0;1.042021;94.465;41.8;1.041996;5228.1;0
30;2;1;0;0;0;0;2;5;5;85;2;22;0;0;1.012021;93.994;36.4;4.864;5191.0;0
32;8;1;4;2;0;0;2;6;5;174;1;22;0;0;1.042021;94.465;41.8;4.959;5228.1;0
41;11;1;0;0;0;0;2;6;5;280;3;22;0;0;1.042021;94.465;41.8;4.967;5228.1;0
59;6;1;1;0;1;0;1;8;5;94;1;22;0;0;1.042021;93.444;36.1;4.963;5228.1;0
28;2;1;3;0;1;0;1;7;1;225;3;22;0;0;1.042021;93.918;42.7;1.041996;5228.1;0
33;2;2;2;0;1;0;1;5;5;474;2;22;0;0;01.082021;92.893;46.2;1.313;5099.1;0
53;8;1;4;2;1;0;1;8;2;76;1;22;0;0;1.042021;93.444;36.1;4.964;5228.1;0
55;0;1;1;0;0;1;1;7;2;185;1;22;0;0;1.042021;93.918;42.7;4.962;5228.1;0
45;2;1;3;2;0;0;2;5;4;121;1;22;0;0;1.012021;93.994;36.4;4.856;5191.0;0
35;10;1;6;0;0;0;1;7;2;126;4;22;0;0;1.042021;93.918;42.7;4.968;5228.1;0
31;8;1;4;2;0;0;1;7;1;160;3;22;0;0;1.042021;93.918;42.7;1.041996;5228.1;0
53;5;1;7;0;0;0;1;8;1;313;4;22;0;0;1.042021;93.444;36.1;4.965;5228.1;0
35;10;2;6;0;1;0;1;5;2;141;1;22;0;0;01.082021;92.893;46.2;1.327;5099.1;0
45;2;3;2;2;1;0;1;5;2;219;1;22;0;0;01.082021;92.893;46.2;1.327;5099.1;0
34;4;2;7;0;0;0;2;6;2;267;2;22;0;0;1.042021;94.465;41.8;4.961;5228.1;0
42;1;1;3;0;0;0;2;4;1;406;3;22;1;1;01.082021;93.075;47.1;1.405;5099.1;0
36;7;1;3;0;1;1;1;11;2;151;3;22;0;0;0.1;93.2;42.0;4.076;5195.8;0
44;1;1;4;0;0;0;2;5;3;228;3;22;0;0;1.012021;93.994;36.4;4.856;5191.0;0
50;1;3;7;0;1;0;1;8;4;73;2;22;0;0;1.042021;93.444;36.1;4.965;5228.1;0
36;1;1;7;0;1;0;1;9;5;355;1;22;0;0;03.042021;92.379;29.082021;0.773;5017.5;0
27;10;1;6;0;0;0;1;7;2;102;9;22;0;0;1.042021;93.918;42.7;4.963;5228.1;0
40;5;1;0;0;0;0;2;5;5;97;3;22;0;0;1.012021;93.994;36.4;4.859;5191.0;0
25;10;2;7;0;1;1;2;6;1;35;6;22;0;0;1.042021;94.465;41.8;1.041996;5228.1;0
29;5;1;7;0;1;1;1;8;4;116;2;22;0;0;1.042021;93.444;36.1;4.966;5228.1;0
44;1;1;4;0;0;0;2;5;3;83;3;22;0;0;1.012021;93.994;36.4;4.856;5191.0;0
57;2;1;0;2;1;0;2;5;4;473;2;22;0;0;1.012021;93.994;36.4;4.856;5191.0;0
30;1;2;4;0;1;0;1;7;3;605;1;22;0;0;1.042021;93.918;42.7;4.963;5228.1;0
37;7;1;7;0;1;1;1;8;3;585;2;22;0;0;1.042021;93.444;36.1;4.967;5228.1;0
57;10;1;3;0;0;0;1;7;4;94;1;22;0;0;1.042021;93.918;42.7;4.961;5228.1;0
29;1;2;7;2;1;0;1;8;4;158;5;22;0;0;1.042021;93.444;36.1;4.963;5228.1;0
60;8;1;4;2;0;0;1;8;4;73;1;22;0;0;1.042021;93.444;36.1;4.966;5228.1;0
27;11;2;7;0;0;0;2;6;3;404;2;22;0;0;1.042021;94.465;41.8;4.864;5228.1;0
30;11;1;4;0;1;0;1;7;4;383;3;22;0;0;1.042021;93.918;42.7;4.961;5228.1;0
42;2;1;1;0;0;0;2;5;3;51;1;22;0;0;1.012021;93.994;36.4;4.859;5191.0;0
48;4;1;4;0;0;0;2;6;4;87;1;22;0;0;1.042021;94.465;41.8;4.864;5228.1;0
35;1;2;7;0;0;0;1;8;1;167;2;22;0;0;1.042021;93.444;36.1;1.041997;5228.1;0
46;2;1;2;2;1;1;2;5;1;440;1;22;0;0;1.012021;93.994;36.4;4.857;5191.0;0
57;6;0;1;0;0;0;2;5;4;673;1;22;0;0;1.012021;93.994;36.4;4.857;5191.0;0
30;8;1;4;0;0;0;2;6;1;151;3;22;0;0;1.042021;94.465;41.8;4.865;5228.1;0
28;10;2;4;0;1;1;1;4;2;48;4;22;1;1;01.082021;93.075;47.1;1.011941;5099.1;0
34;8;1;4;2;1;0;2;5;4;309;1;22;0;0;1.012021;93.994;36.4;4.856;5191.0;0
42;2;1;1;2;0;0;2;6;2;236;1;22;0;0;1.042021;94.465;41.8;4.958;5228.1;0
30;1;2;7;0;1;0;1;11;4;288;1;22;0;0;0.1;93.2;42.0;4.153;5195.8;0
27;9;2;3;0;1;0;1;8;3;111;1;22;0;0;01.072021;94.027;38.3;0.9;4991.6;0
23;3;1;7;0;1;0;1;8;2;87;1;22;0;0;1.042021;93.444;36.1;4.964;5228.1;0
43;2;1;1;2;1;0;2;5;4;193;1;22;0;0;1.012021;93.994;36.4;4.857;5191.0;0
59;5;1;1;2;1;1;2;5;4;318;1;22;0;0;1.012021;93.994;36.4;4.857;5191.0;0
31;7;2;7;0;0;0;1;8;1;209;1;22;2;1;01.072021;94.027;38.3;0.898;4991.6;0
43;7;1;3;0;0;0;2;5;3;173;2;22;0;0;1.012021;93.994;36.4;4.858;5191.0;0
52;10;1;4;0;1;0;2;5;1;503;2;22;0;0;1.012021;93.994;36.4;4.857;5191.0;0
26;4;2;4;2;1;1;2;7;2;127;1;22;0;0;1.042021;93.918;42.7;4.963;5228.1;0
24;2;1;3;0;1;1;2;5;5;101;6;22;0;0;1.012021;93.994;36.4;4.855;5191.0;0
35;2;2;2;0;0;0;1;11;2;370;1;22;1;1;0.1;93.2;42.0;4.076;5195.8;0
28;2;1;2;2;0;0;2;5;2;262;1;22;0;0;1.012021;93.994;36.4;4.855;5191.0;0
37;2;2;3;0;0;0;2;5;3;211;2;22;0;0;1.012021;93.994;36.4;4.857;5191.0;0
46;1;1;6;0;0;0;1;4;5;609;1;22;1;1;01.082021;93.075;47.1;1.405;5099.1;0
40;5;1;7;0;1;0;1;8;2;77;6;22;0;0;1.042021;93.444;36.1;4.963;5228.1;0
56;2;1;1;2;1;0;1;7;4;335;2;22;0;0;1.042021;93.918;42.7;4.961;5228.1;0
40;5;1;7;0;1;0;1;5;4;459;1;22;0;0;01.082021;92.893;46.2;1.344;5099.1;0
29;1;2;7;0;1;1;2;5;3;266;2;22;0;0;1.012021;93.994;36.4;4.859;5191.0;0
28;2;2;3;0;1;0;1;5;2;225;1;22;1;1;01.082021;92.893;46.2;1.266;5099.1;0
48;10;2;0;2;0;0;2;5;2;257;7;22;0;0;1.012021;93.994;36.4;1.041986;5191.0;0
28;11;2;7;0;1;0;1;5;1;434;1;22;0;0;01.082021;92.893;46.2;1.244;5099.1;0
33;10;1;6;0;0;0;2;5;2;191;4;22;0;0;1.012021;93.994;36.4;1.041986;5191.0;0
56;3;1;7;0;1;1;2;6;2;82;1;22;0;0;1.042021;94.465;41.8;4.961;5228.1;0
24;1;2;4;2;1;0;2;7;2;15;1;22;0;0;1.042021;93.918;42.7;4.958;5228.1;0
39;7;1;7;0;0;0;2;5;3;17;2;22;0;0;1.012021;93.994;36.4;4.858;5191.0;0
40;2;1;0;0;1;1;2;5;1;155;1;22;0;0;1.012021;93.994;36.4;4.857;5191.0;0
54;2;3;0;2;1;0;2;6;2;339;3;22;0;0;1.042021;94.465;41.8;4.958;5228.1;0
25;1;2;7;0;0;0;2;6;3;188;2;22;0;0;1.042021;94.465;41.8;4.864;5228.1;0
48;1;1;7;0;1;0;1;11;3;288;1;22;0;0;0.1;93.2;42.0;4.122021;5195.8;0
32;1;2;7;0;1;0;1;8;2;206;1;22;0;0;1.042021;93.444;36.1;4.964;5228.1;0
48;1;1;7;0;1;1;1;7;5;154;2;22;0;0;1.042021;93.918;42.7;4.963;5228.1;0
30;10;1;7;2;1;0;2;5;3;72;3;22;0;0;1.012021;93.994;36.4;4.858;5191.0;0
41;1;3;4;0;0;0;2;5;4;293;2;22;0;0;1.012021;93.994;36.4;4.857;5191.0;0
54;6;3;1;2;1;0;1;7;4;141;1;22;0;0;1.042021;93.918;42.7;4.962;5228.1;0
28;2;2;4;0;1;0;2;6;1;102;2;22;0;0;1.042021;94.465;41.8;4.865;5228.1;0
30;1;1;7;0;0;0;2;5;4;178;2;22;0;0;1.012021;93.994;36.4;4.857;5191.0;0
54;1;1;7;0;1;0;2;5;2;461;3;22;0;0;1.012021;93.994;36.4;4.855;5191.0;0
33;3;1;3;2;0;0;2;5;4;82;1;22;0;0;1.012021;93.994;36.4;4.857;5191.0;0
38;2;1;3;0;0;0;1;5;3;204;1;11;1;2;01.082021;92.893;46.2;1.281;5099.1;0
46;4;3;2;0;1;0;2;6;4;143;8;22;0;0;1.042021;94.465;41.8;4.864;5228.1;0
38;1;3;7;0;0;0;2;6;5;50;3;22;0;0;1.042021;94.465;41.8;4.959;5228.1;0
38;8;1;4;0;0;0;1;7;2;81;1;22;0;0;1.042021;93.918;42.7;4.968;5228.1;0
33;2;1;4;0;1;0;2;5;3;233;1;22;0;0;1.012021;93.994;36.4;4.856;5191.0;0
25;1;1;7;0;0;0;2;5;5;56;1;22;0;0;1.012021;93.994;36.4;4.864;5191.0;0
29;1;2;7;2;1;0;1;5;5;104;10;22;0;0;01.082021;92.893;46.2;1.012025;5099.1;0
60;10;1;6;2;0;0;2;7;4;55;15;22;0;0;1.042021;93.918;42.7;4.961;5228.1;0
57;8;1;4;0;1;0;1;5;1;126;2;22;0;0;01.082021;92.893;46.2;1.244;5099.1;0
36;1;2;7;0;0;0;1;8;3;142;1;22;0;0;1.042021;93.444;36.1;4.965;5228.1;0
54;1;1;7;0;0;0;1;7;2;9;5;22;0;0;1.042021;93.918;42.7;4.968;5228.1;0
25;7;2;7;0;0;0;2;5;4;247;3;22;0;0;1.012021;93.994;36.4;4.856;5191.0;0
41;3;1;7;0;0;0;2;5;3;130;4;22;0;0;1.012021;93.994;36.4;4.856;5191.0;0
54;5;1;7;0;1;0;1;4;4;336;1;22;0;0;01.082021;93.075;47.1;1.405;5099.1;0
39;2;3;2;2;0;0;1;5;3;101;1;22;0;0;01.082021;92.893;46.2;1.281;5099.1;0
55;3;3;7;2;0;0;1;5;5;56;1;22;1;1;01.082021;92.893;46.2;1.313;5099.1;0
40;1;1;4;0;0;0;2;5;1;160;3;22;0;0;1.012021;93.994;36.4;4.857;5191.0;0
43;11;1;7;2;1;0;2;5;4;424;1;22;0;0;1.012021;93.994;36.4;4.857;5191.0;0
43;10;3;6;0;1;0;1;5;1;143;1;22;0;0;01.082021;92.893;46.2;1.264;5099.1;0
42;10;1;4;0;1;0;1;8;4;188;1;22;0;0;1.042021;93.444;36.1;4.968;5228.1;0
30;8;1;2;0;0;0;1;11;4;154;2;22;0;0;0.1;93.2;42.0;4.153;5195.8;0
24;8;2;3;2;0;1;2;6;1;222;2;22;0;0;1.042021;94.465;41.8;4.865;5228.1;0
51;0;1;0;2;1;0;1;8;5;10;5;22;0;0;1.042021;93.444;36.1;4.963;5228.1;0
42;2;1;3;0;0;0;1;5;4;632;5;10;1;2;01.082021;92.893;46.2;1.344;5099.1;0
51;7;1;1;2;0;1;2;5;3;91;7;22;0;0;1.012021;93.994;36.4;4.859;5191.0;0
38;2;1;4;2;0;0;1;7;1;90;3;22;0;0;1.042021;93.918;42.7;4.962;5228.1;0
45;2;1;1;2;1;1;1;8;1;187;1;22;0;0;1.042021;93.444;36.1;4.965;5228.1;0
51;1;3;7;2;0;0;2;8;5;86;1;22;0;0;1.042021;93.444;36.1;4.963;5228.1;0
44;1;1;7;2;0;0;2;5;5;165;6;22;0;0;1.012021;93.994;36.4;4.859;5191.0;0
52;10;1;3;0;1;0;1;11;5;102;1;22;0;0;0.1;93.2;42.0;4.021;5195.8;0
49;1;1;7;0;1;0;2;5;1;212;1;22;0;0;1.012021;93.994;36.4;4.857;5191.0;0
49;10;1;6;0;1;0;2;5;4;57;1;22;0;0;1.012021;93.994;36.4;4.856;5191.0;0
52;0;1;2;0;0;0;2;5;5;54;4;22;0;0;1.012021;93.994;36.4;4.864;5191.0;0
32;3;1;7;0;0;0;1;11;2;73;4;22;0;0;0.1;93.2;42.0;4.076;5195.8;0
27;8;1;4;0;0;0;1;7;2;184;3;22;0;0;1.042021;93.918;42.7;4.963;5228.1;0
44;1;3;4;0;1;0;1;5;4;173;8;22;1;1;01.082021;92.893;46.2;1.291;5099.1;0
33;1;2;7;0;0;0;1;5;3;6;7;22;0;0;01.082021;92.893;46.2;1.281;5099.1;0
30;8;1;3;0;0;0;1;7;4;70;2;22;0;0;1.042021;93.918;42.7;4.961;5228.1;0
32;1;2;7;0;1;0;1;7;2;96;1;22;0;0;1.042021;93.918;42.7;4.958;5228.1;0
36;2;1;6;2;1;1;2;6;4;102;3;22;0;0;1.042021;94.465;41.8;4.961;5228.1;0
49;11;1;4;0;1;0;1;7;3;98;1;22;0;0;1.042021;93.918;42.7;4.963;5228.1;0
48;8;2;1;2;1;1;1;5;2;106;2;22;0;0;01.082021;92.893;46.2;1.266;5099.1;0
42;2;1;1;0;0;0;2;5;3;456;2;22;0;0;1.012021;93.994;36.4;4.857;5191.0;0
28;1;1;4;0;1;0;1;5;3;293;3;22;0;0;01.082021;92.893;46.2;1.334;5099.1;0
52;5;1;7;2;1;1;1;8;2;118;1;22;0;0;1.042021;93.444;36.1;4.968;5228.1;0
23;5;2;7;0;1;0;1;7;4;314;2;22;0;0;1.042021;93.918;42.7;4.961;5228.1;0
36;2;1;2;0;1;0;2;5;3;167;1;22;0;0;1.012021;93.994;36.4;4.858;5191.0;0
43;1;3;7;2;0;0;1;8;4;111;2;22;0;0;1.042021;93.444;36.1;4.966;5228.1;0
31;8;3;4;2;1;0;1;5;2;236;1;22;0;0;01.082021;92.893;46.2;1.327;5099.1;0
49;11;1;1;0;1;0;1;8;3;155;2;22;0;0;1.042021;93.444;36.1;4.964;5228.1;0
36;2;1;3;0;1;0;1;7;1;80;3;22;0;0;1.042021;93.918;42.7;4.962;5228.1;0
47;5;3;1;0;0;0;2;5;5;241;2;22;0;0;1.012021;93.994;36.4;4.855;5191.0;0
31;10;2;6;0;2;2;1;8;1;202;7;22;0;0;1.042021;93.444;36.1;4.963;5228.1;0
46;3;1;6;2;0;0;2;6;1;88;1;22;0;0;1.042021;94.465;41.8;4.961;5228.1;0
54;2;1;3;2;1;0;1;8;4;439;3;22;0;0;1.042021;93.444;36.1;4.966;5228.1;0
35;1;1;7;0;0;0;1;5;2;322;3;22;0;0;01.082021;92.893;46.2;1.012027;5099.1;0
37;1;3;4;0;0;0;2;5;2;51;10;22;0;0;1.012021;93.994;36.4;1.041986;5191.0;0
44;2;1;3;2;1;0;2;6;1;147;1;22;0;0;1.042021;94.465;41.8;4.865;5228.1;0
33;1;2;4;0;1;0;1;7;4;498;5;22;0;0;1.042021;93.918;42.7;4.961;5228.1;0
57;8;3;0;0;0;0;1;5;5;405;3;22;0;0;01.082021;92.893;46.2;1.313;5099.1;0
39;1;2;0;0;0;1;2;5;5;219;4;22;0;0;1.012021;93.994;36.4;4.857;5191.0;0
43;11;1;1;0;0;0;1;5;3;117;2;22;0;0;01.082021;92.893;46.2;1.334;5099.1;0
32;8;1;4;0;2;2;2;5;1;72;2;22;0;0;1.012021;93.994;36.4;4.857;5191.0;0
29;10;2;7;0;0;0;1;5;1;68;2;22;0;0;01.082021;92.893;46.2;1.244;5099.1;0
35;1;3;4;0;1;1;2;5;1;82;2;22;1;1;01.082021;92.893;46.2;1.299;5099.1;0
47;1;1;4;0;0;0;1;5;3;99;2;22;0;0;01.082021;92.893;46.2;1.012027;5099.1;0
37;5;1;7;0;1;0;1;11;2;252;1;22;0;0;0.1;93.2;42.0;4.076;5195.8;0
35;10;2;7;2;0;0;1;4;1;712;1;22;0;0;01.082021;93.075;47.1;1.405;5099.1;0
37;7;1;3;0;1;1;1;7;2;171;1;22;0;0;1.042021;93.918;42.7;4.963;5228.1;0
36;10;1;4;2;1;0;1;8;3;112;2;22;0;0;1.042021;93.444;36.1;4.964;5228.1;0
50;1;1;3;0;0;0;1;8;2;84;1;22;0;0;1.042021;93.444;36.1;4.968;5228.1;0
30;1;2;7;0;0;0;1;8;1;135;1;22;0;0;1.042021;93.444;36.1;4.965;5228.1;0
33;2;1;3;0;1;0;1;7;4;132;1;22;0;0;1.042021;93.918;42.7;4.961;5228.1;0
37;1;2;4;0;0;1;1;7;4;223;6;22;0;0;1.042021;93.918;42.7;4.961;5228.1;0
45;7;3;7;0;0;1;1;5;5;133;1;22;0;0;01.082021;92.893;46.2;1.012025;5099.1;0
30;1;2;7;0;0;0;1;11;5;258;2;22;1;1;0.1;93.2;42.0;4.021;5195.8;0
51;5;3;7;0;0;0;1;5;3;345;2;22;0;0;01.082021;92.893;46.2;1.334;5099.1;0
49;7;2;3;0;0;0;2;5;1;58;10;22;0;0;1.012021;93.994;36.4;4.858;5191.0;0
31;10;2;7;0;1;0;1;8;2;958;5;22;0;0;1.042021;93.444;36.1;4.962;5228.1;0
40;1;2;7;0;1;0;1;7;5;250;1;22;0;0;1.042021;93.918;42.7;4.962;5228.1;0
41;10;1;6;0;0;1;1;8;2;898;2;22;0;0;1.042021;93.444;36.1;4.963;5228.1;0
58;6;1;1;0;1;0;1;4;2;185;1;2;1;2;01.082021;93.075;47.1;1.365;5099.1;0
49;2;1;1;2;1;0;2;5;2;282;1;22;0;0;1.012021;93.994;36.4;1.041986;5191.0;0
39;10;3;6;0;1;0;2;5;5;135;1;22;0;0;1.012021;93.994;36.4;4.855;5191.0;0
48;10;1;2;0;0;1;2;5;4;175;1;22;0;0;1.012021;93.994;36.4;4.857;5191.0;0
50;3;1;1;2;0;0;1;7;2;235;2;22;0;0;1.042021;93.918;42.7;4.958;5228.1;0
54;2;1;0;0;1;0;1;8;3;99;3;22;0;0;1.042021;93.444;36.1;4.964;5228.1;0
38;2;1;0;2;0;1;2;5;3;181;1;22;0;0;1.012021;93.994;36.4;4.856;5191.0;0
51;2;1;1;0;0;0;1;8;4;132;2;22;0;0;1.042021;93.444;36.1;4.968;5228.1;0
36;1;2;7;2;0;0;2;5;3;117;4;22;0;0;1.012021;93.994;36.4;4.859;5191.0;0
35;2;1;2;0;1;0;1;11;4;372;2;22;0;0;0.1;93.2;42.0;4.153;5195.8;0
44;1;1;4;0;0;0;1;8;1;126;1;22;0;0;1.042021;93.444;36.1;4.965;5228.1;0
43;2;1;1;0;0;1;1;5;3;69;1;22;1;1;01.082021;92.893;46.2;1.281;5099.1;0
30;10;2;7;0;0;0;1;8;2;183;7;22;0;0;1.042021;93.444;36.1;4.963;5228.1;0
41;10;3;1;0;1;0;2;5;4;270;1;22;0;0;1.012021;93.994;36.4;4.856;5191.0;0
27;5;2;7;0;1;0;2;5;4;134;2;22;0;0;1.012021;93.994;36.4;4.856;5191.0;0
26;1;2;4;0;1;0;2;5;5;160;3;22;0;0;1.012021;93.994;36.4;4.864;5191.0;0
36;10;1;6;0;2;2;2;5;4;155;2;22;0;0;1.012021;93.994;36.4;4.857;5191.0;0
24;9;2;4;0;0;0;1;7;3;115;1;22;1;1;02.092021;92.469;33.6;1.029;5076.2;0
46;5;1;7;0;1;0;1;11;2;205;6;22;0;0;0.1;93.2;42.0;4.076;5195.8;0
50;1;3;3;0;0;0;2;5;5;145;4;22;0;0;1.012021;93.994;36.4;4.857;5191.0;0
49;10;1;6;2;1;0;2;5;4;82;9;22;0;0;1.012021;93.994;36.4;4.856;5191.0;0
55;1;1;1;0;1;0;1;4;5;548;1;22;1;1;01.082021;93.075;47.1;1.405;5099.1;0
54;2;1;1;0;1;0;1;8;2;109;2;22;0;0;1.042021;93.444;36.1;4.964;5228.1;0
40;2;3;3;0;1;0;1;7;3;207;3;22;0;0;1.042021;93.918;42.7;4.962;5228.1;0
58;2;1;1;2;1;1;1;5;3;173;1;22;0;0;01.082021;92.893;46.2;1.281;5099.1;0
58;3;1;7;0;0;0;2;7;3;175;1;22;0;0;1.042021;93.918;42.7;4.963;5228.1;0
36;1;2;7;0;1;0;1;8;2;379;1;22;0;0;1.042021;93.444;36.1;4.963;5228.1;0
30;1;2;7;0;1;0;1;8;3;105;1;22;0;0;1.042021;93.444;36.1;4.964;5228.1;0
45;1;2;7;0;1;0;1;7;2;544;1;22;0;0;1.042021;93.918;42.7;4.958;5228.1;0
40;5;1;7;0;1;0;1;11;5;401;1;22;1;1;0.1;93.2;42.0;4.021;5195.8;0
42;7;1;7;0;0;0;1;7;1;84;2;22;0;0;1.042021;93.918;42.7;4.962;5228.1;0
43;2;1;0;0;1;0;1;5;4;128;7;22;0;0;01.082021;92.893;46.2;1.291;5099.1;0
24;9;2;4;2;0;0;1;7;4;86;1;22;0;0;1.042021;93.918;42.7;4.962;5228.1;0
49;5;1;7;0;0;0;1;7;1;549;3;22;0;0;1.042021;93.918;42.7;4.962;5228.1;0
55;11;1;1;0;1;0;2;9;4;6;1;22;0;0;01.012021;94.199;37.5;0.879;4963.6;0
49;1;1;4;0;1;0;1;8;5;183;1;22;0;0;1.042021;93.444;36.1;4.966;5228.1;0
48;2;1;1;0;0;1;2;6;4;291;1;22;0;0;1.042021;94.465;41.8;4.864;5228.1;0
49;1;1;4;0;0;0;1;8;5;151;1;22;0;0;1.042021;93.444;36.1;4.966;5228.1;0
40;2;1;4;2;1;0;2;5;1;98;1;22;0;0;1.012021;93.994;36.4;4.857;5191.0;0
35;8;1;4;0;0;0;1;5;5;301;2;22;0;0;01.082021;92.893;46.2;1.313;5099.1;0
32;1;2;6;0;1;0;2;5;1;16;11;22;0;0;1.012021;93.994;36.4;4.857;5191.0;0
41;10;1;7;0;1;1;1;5;5;170;4;22;0;0;01.082021;92.893;46.2;1.313;5099.1;0
32;5;2;1;0;0;0;2;5;1;73;7;22;0;0;1.012021;93.994;36.4;4.858;5191.0;0
33;5;1;7;0;1;0;1;8;3;113;3;22;0;0;1.042021;93.444;36.1;4.964;5228.1;0
36;10;1;6;0;1;0;2;5;3;86;4;22;0;0;01.082021;92.893;46.2;1.012027;5099.1;0
40;10;1;6;0;1;0;1;11;2;180;1;22;1;1;0.1;93.2;42.0;4.076;5195.8;0
25;2;2;3;0;1;1;1;7;2;212;2;22;0;0;1.042021;93.918;42.7;4.962;5228.1;0
60;3;1;0;0;0;0;1;8;2;130;2;22;0;0;02.092021;92.201;31.4;0.883;5076.2;0
45;5;1;7;0;1;0;1;7;2;391;1;22;0;0;1.042021;93.918;42.7;4.968;5228.1;0
33;10;1;7;0;0;0;2;11;3;91;2;22;0;0;0.1;93.2;42.0;4.122021;5195.8;0
31;1;1;7;0;1;0;1;8;2;280;7;22;0;0;1.042021;93.444;36.1;4.963;5228.1;0
48;7;1;7;2;1;0;2;5;2;750;2;22;0;0;1.012021;93.994;36.4;1.041986;5191.0;0
42;8;1;7;0;1;0;1;4;1;257;1;22;0;0;01.082021;93.075;47.1;1.405;5099.1;0
40;5;1;7;0;0;1;1;8;4;454;3;22;0;0;1.042021;93.444;36.1;4.966;5228.1;0
30;10;1;7;0;0;0;1;6;5;171;1;7;1;2;01.072021;94.055;39.8;0.748;4991.6;0
41;2;1;1;2;0;0;2;6;3;38;1;22;0;0;1.042021;94.465;41.8;4.864;5228.1;0
36;4;1;1;0;2;2;1;8;4;23;14;22;0;0;1.042021;93.444;36.1;4.965;5228.1;0
41;5;3;2;0;0;0;1;11;2;268;1;22;0;0;0.1;93.2;42.0;4.076;5195.8;0
60;0;1;7;0;0;1;2;5;2;112;1;22;0;0;1.012021;93.994;36.4;1.041986;5191.0;0
32;8;2;4;0;2;2;1;5;3;363;1;22;1;1;01.082021;92.893;46.2;1.281;5099.1;0
25;8;1;4;0;1;0;1;7;5;164;1;22;0;0;1.042021;93.918;42.7;4.957;5228.1;0
25;1;1;7;0;1;0;2;6;5;109;1;22;0;0;1.042021;94.465;41.8;4.967;5228.1;0
31;10;3;7;0;1;0;1;8;2;132;1;22;0;0;1.042021;93.444;36.1;4.963;5228.1;0
44;2;1;1;0;2;2;2;6;2;471;3;22;0;0;1.042021;94.465;41.8;4.866;5228.1;0
29;10;2;7;0;0;0;1;7;3;259;1;22;0;0;1.042021;93.918;42.7;4.963;5228.1;0
47;1;1;7;0;0;0;2;5;2;42;1;22;0;0;1.012021;93.994;36.4;4.855;5191.0;0
25;1;1;4;0;0;1;2;5;4;125;4;22;0;0;1.012021;93.994;36.4;4.856;5191.0;0
53;0;1;0;2;0;0;1;8;1;51;4;22;0;0;1.042021;93.444;36.1;4.965;5228.1;0
36;7;1;3;2;0;0;1;8;2;406;1;22;0;0;1.042021;93.444;36.1;4.964;5228.1;0
45;2;2;3;0;0;0;2;6;1;185;1;22;0;0;1.042021;94.465;41.8;4.865;5228.1;0
54;1;1;0;2;0;0;2;6;5;34;16;22;0;0;1.042021;94.465;41.8;4.967;5228.1;0
51;2;1;1;2;1;0;2;6;4;334;2;22;0;0;1.042021;94.465;41.8;4.961;5228.1;0
24;2;2;3;0;1;0;1;7;5;545;2;22;0;0;1.042021;93.918;42.7;4.963;5228.1;0
40;1;1;7;0;1;0;1;8;4;124;1;22;0;0;1.042021;93.444;36.1;4.966;5228.1;0
39;8;1;1;0;0;0;2;5;2;126;2;22;0;0;1.012021;93.994;36.4;1.041986;5191.0;0
44;2;1;1;2;0;0;1;5;4;659;1;22;1;1;01.082021;92.893;46.2;1.344;5099.1;0
44;5;3;7;0;1;0;1;4;5;230;1;22;0;0;01.082021;93.075;47.1;1.479;5099.1;0
52;3;1;3;2;1;0;2;6;1;699;2;22;0;0;1.042021;94.465;41.8;4.961;5228.1;0
34;10;1;6;0;0;0;1;5;5;83;2;22;1;1;01.082021;92.893;46.2;1.313;5099.1;0
23;2;2;4;0;0;0;1;7;3;251;1;22;0;0;1.042021;93.918;42.7;4.957;5228.1;0
30;1;2;7;0;0;0;2;5;3;25;1;22;0;0;1.012021;93.994;36.4;4.856;5191.0;0
26;2;1;2;0;0;0;2;5;3;389;1;22;0;0;1.012021;93.994;36.4;4.859;5191.0;0
24;0;2;7;0;1;1;1;6;4;696;1;22;2;1;02.092021;92.963;40.8;1.262;5076.2;0
34;1;1;2;0;1;1;1;11;3;102;2;22;0;0;0.1;93.2;42.0;4.122021;5195.8;0
32;5;3;7;0;0;0;1;5;4;342;3;22;0;0;01.082021;92.893;46.2;1.344;5099.1;0
27;7;2;7;0;1;1;2;6;3;161;1;22;0;0;1.042021;94.465;41.8;4.864;5228.1;0
39;4;1;1;2;1;0;1;8;2;223;6;22;0;0;1.042021;93.444;36.1;4.963;5228.1;0
